dir,div
Directorate for Biological Sciences,Division of Behavioral & Neural Sciences
Office of Polar Programs,Arctic Sciences Division
Directorate for Geosciences,Division of Earth Sciences
Directorate for Mathematical & Physical Sciences,Division of Chemistry
Directorate for Engineering,Directorate for Engineering
Directorate for Social, Behavioral & Economic Sciences,Division of Behavioral and Cognitive Sciences
Directorate for Biological Sciences,
Directorate for Education & Human Resources,Division of Elementary, Secondary & Informal Education
,NATIONAL SCIENCE BOARD
OFFICE OF THE DIRECTOR,Office of Planning and Assessment
Office of Information & Resource Management,Office of Information & Resource Management
Office of Budget, Finance & Award Management,Division of Grants & Agreements
Directorate for Social, Behavioral & Economic Sciences,Directorate for Social, Behavioral & Economic Sciences
Directorate for Education & Human Resources,Division of Research on Learning in Formal and Informal Settings (DRL)
Office of Budget, Finance & Award Management,Division of Acquisition & Cooperative Support (DACS)
OFFICE OF THE DIRECTOR,OFFICE OF THE DIRECTOR
Directorate for Computer & Information Science & Engineering,
Directorate for Computer & Information Science & Engineering,Division of Computer and Network Systems
OFFICE OF THE DIRECTOR,
Directorate for Geosciences,Division of Atmospheric and Geospace Sciences
Directorate for Geosciences,
Directorate for Computer & Information Science & Engineering,Division of Advanced CyberInfrastructure
,DIVISION OF MATERIALS DEVELOPMENT,
Directorate for Engineering,Division of Engineering Education and Centers
Office of Budget, Finance & Award Management,Office of Budget, Finance & Award Management
Directorate for Geosciences,Division of Polar Programs
Directorate for Computer & Information Science & Engineering,Directorate for Computer & Information Science & Engineering
Directorate for Engineering,Division of Design & Manufacturing Innovation
Directorate for Social, Behavioral & Economic Sciences,SBE Office of Multidisciplinary Activities
,
OFFICE OF THE DIRECTOR,Office of Legislative and Public Affiars
Directorate for Engineering,
OFFICE OF THE DIRECTOR,Office of Polar Programs
Directorate for Engineering,Division of Civil, Mechanical, and Manufacturing Innovation
Directorate for Biological Sciences,Division of Biological Infrastructure
Directorate for Education & Human Resources,Directorate for Education & Human Resources
Office of Information & Resource Management,Division of Information Systems
Directorate for Geosciences,Division of Ocean Sciences
Directorate for Geosciences,Integrative and Collaborative Education and Research (ICER)
Directorate for Biological Sciences,Emerging Frontiers
Directorate for Engineering,Office of Emerging Frontiers in Research and Innovation (EFRI)
Directorate for Biological Sciences,Division of Cellular Biosciences
Directorate for Geosciences,Directorate for Geosciences
National Nanotechnology Coordinating Office,National Nanotechnology Coordinating Office
Directorate for Computer & Information Science & Engineering,Division of Information & Intelligent Systems
Office of Information & Resource Management,
Directorate for Mathematical & Physical Sciences,
Directorate for Social, Behavioral & Economic Sciences,
Directorate for Biological Sciences,Division of Molecular and Cellular Biosciences
Directorate for Mathematical & Physical Sciences,Division of Materials Research
Directorate for Education & Human Resources,Division of Graduate Education
Directorate for Computer & Information Science & Engineering,Division of Computer and Communication Foundations
Directorate for Education & Human Resources,Division of Undergraduate Education
,Office of Inspector General
Directorate for Engineering,Division of Chemical, Bioengineering, Environmental, and Transport Systems
Directorate for Education & Human Resources,Division of Educational System Reform
Office of Information & Resource Management,Division of Human Resource Management
OFFICE OF THE DIRECTOR,Office of Diversity and Inclusion
Directorate for Computer & Information Science & Engineering,Division of Experimental & Integrative Activities
Office of Budget, Finance & Award Management,Division of Financial Management
Directorate for Mathematical & Physical Sciences,Division of Astronomical Sciences
Directorate for Mathematical & Physical Sciences,Division of Mathematical Sciences
Directorate for Education & Human Resources,Division of Research, Evaluation and Communication
Directorate for Biological Sciences,Division of Environmental Biology
Directorate for Social, Behavioral & Economic Sciences,National Center for Science and Engineering Statistics.
Office of Budget, Finance & Award Management,DIVISION OF BUDGET DOB
Directorate for Computer & Information Science & Engineering,Division of Microelectronic Information Processing Systems
Office of Budget, Finance & Award Management,Division of Institution & Award Support
OFFICE OF THE DIRECTOR,EPSCoR
Directorate for Engineering,Division of Industrial Innovation and Partnerships
National Coordination Office,National Coordination Office
OFFICE OF THE DIRECTOR,GENERAL COUNSEL
Directorate for Biological Sciences,Division of Integrative Organismal Systems
Office of Polar Programs,Antarctic Sciences Division
Directorate for Education & Human Resources,Division of Human Resource Development
OFFICE OF THE DIRECTOR,Office of International and Integrative Activities
Directorate for Biological Sciences,Directorate for Biological Sciences
Directorate for Engineering,Division of Electrical, Communications and Cyber Systems
Directorate for Social, Behavioral & Economic Sciences,Division of Social and Economic Sciences
Office of Information & Resource Management,Division of Administrative Services
OFFICE OF THE DIRECTOR,Office of Science & Technology Infrastructure
Directorate for Mathematical & Physical Sciences,Directorate for Mathematical & Physical Sciences
Directorate for Mathematical & Physical Sciences,Division of Physics