code, name
,
1718,BIOINFORMATICS
H260,
1200,PHYSICS UNDISTRIBUTED
3418,
I109,
W214,
1869,
072E,NETWORKS & QUEUING SYSTEMS
0830,
072F,ARRV - CONSTRUCTION
0839,
5988,NEAR EAST, OTHER
5989,SOUTH ASIA, OTHER
8805,INTEGRATED STUDIES PROGRAM
5982,INDIVIDUAL
5983,JAPAN AND KOREA PROGRAM
5980,WESTERN EUROPE PROGRAM
5981,GROUP
5986,HUMAN FRONTIER SCIENCE PROGRAM
5987,GULF OF MEXICO OIL SPILL-2010
5984,TRANS-REGIONAL AFFAIRS (TRA)
5985,INTER INST FOR APP SYS & ANALY
7517,DJIBOUTI
7516,DEM. REP. CONGO
7515,CYPRUS
7514,TUES-Central Resource Project
7513,TUES-Type 1 Project
7512,TUES-Type 3 Project
7511,TUES-Type 2 Project
7510,ALTERNATIVES -GRAD ED
3996,
3231,
I392,
I391,
054E,Molecular engineering
054F,LSST
083E,MATERIAL TRANSFORMATION PROC
4733,MOSIS PROJECTS
0723,SHARED SERVICES
4731,SYSTEMS PROTOTYPING
1656,LARGE SCALE NETWORKING
2314,
5854,SCIENTIFIC RESEARCH PROJECT
5856,SCIENCE AWARENESS PROJECT
5850,
083P,NEUROSCIENCE ACTIVITIES
5852,KACST SUPPORT
5853,
1655,INFORMATION MANAGEMENT
3777,
3779,
T046,
0055,PRE 78 CONVERTED PDM
4657,
4650,RADIO SPECTRUM MANAGEMENT
3234,
3419,
1612,MARINE CHEMISTRY
0619,
2262,
2263,
2261,
2267,
2265,
9258,ADV MATERI & PROCESS/MULTI DISCIPLINES
9259,SOFTWARE CAPITALIZATION
061E,Fire
9257,ADV MATERI & PROCESS/SINGLE DISCIPLINE
9254,CURRICULUM DEVELOPMENT
9255,LDRSHIP PRJS-COLL SCI INSTRUMN
9252,MODEL PROJECTS FOR WOMEN
9253,MODEL PROJECTS FOR PERSONS WITH DISABILI
9250,RES EXPER FOR UNDERGRADS-SITE
9251,RES EXPER FOR UNDERGRAD-SUPPLT
6896,ITR COMPUT RESRCH INFRASTRUCT
I122,
I125,
X719,
5824,
6886,MULTI-SCALE MODELING
2044,
2041,
005P,IAE NSF MOU
6378,
4842,
LAIT,INTELL SYS,LEARN IN NAT & ARTI
005F,ICECUBE - CONSTRUCTION
005E,Neuro-photonics
171E,CORBI/TIE
1364,INTERNATIONAL DIGITAL LIBRARIES COLLABOR
2639,
Z125,
9636,
5110,ENVIRONMENTAL RES(US ANTARC)
3519,
7269,EARTH SCOPE
7265,EMP IMPL OF THEORETICAL MODELS
7264,CCRI-DEC MAKING UNDER UNCERTAI
3510,
7261,PROGRAM EVALUATION
7260,DISSEMINATION
7263,NETWORKING INFRASTRUCT-EDUCAT
7262,RESEARCH ACTIVITIES
5296,OBSERVING ENV CHANGE (ARCTIC)
6202,
7613,EXPERIMENTAL PROJECTS
1436,MECHANICAL SYSTEMS
T518,
V117,
T512,
k612,
6800,STANDARDS AND MEASURES
5118,ADVANCED SYS APPLIC(US ANTARC)
91,DATA NOT AVAILABLE
3394,
1623,EXPLORATORY RESRCH IN MODEL-BASED SIMULA
1990,CHEMISTRY EDUCATION
1621,SUBMARINE GEOLOGY
1620,MARINE GEOLOGY AND GEOPHYSICS
1995,CHE CENTERS
1626,EXPL RES REL TO 99 ERTHQUKE IN TUR & TAI
1624,RESRCH ON ADVANCED TECHNOLOGIES FOR HOUS
1998,IUSE
5188,SAFETY
5400,LANGUAGE, COGNITION, & SOC BEH
7284,FRONTIERS IN POLAR GENOMICS
8830,SCIENTIFIC & TECHNICAL PERSONN
2860,THEORY OF COMPUTING
2861,EXPERIMENTAL SOFTWARE SYSTEMS
2865,NUMERIC, SYMBOLIC & GEO COMPUT
1376,PNGV-OTHER
128E,CENTERS: ENVIRONMENT
V693,
T994,
T992,
T990,
5033,
1439,CONSTRUCTION ENGINEER&BLDG RES
1199,CROSS-SITE LTER
1198,Biodiversity: Discov &Analysis
H330,
H331,
1191,BEHAVIORAL NEUROSCIENCE
1190,DEVELOPMENTAL NEUROSCIENCE
1193,NEUROENDOCRINOLOGY
1192,NEURONAL AND GLIAL MECHANISMS
1195,LONG TERM ECOLOGICAL RESEARCH
7071,JUNO
1197,BIOLOGICAL RESEARCH COLLECTION
1196,LONG-TERM RSCH IN ENVIR BIO
117E,TECHNOLOGY INNOVATION
1758,BIOENGINEERING & BIOINFORMATIC
1757,Quantitative sys bio and biotech
1753,ITR-Materials (for DMR use only)
1752,RESEARCH FOR MIXED SIGNAL ELECTRONIC TEC
1751,ULTRA-HIGH-CAPACITY OPTICAL COMM & NETWO
1750,MPS DMR INSTRUMENTATION
1177,COST EFFECTIVE HEALTH CARE TECHNOLOGIES
1176,LIFE HISTORIES & POP DYNAMICS
1175,POPULATION & QUANTITA GENETICS
1174,POPULATION DYNAMICS
1173,BIOGEOGRPH, COEVOLUT & PALEBIO
1172,TAXONOMY AND CLASSIFICATION
1171,PHYLOGENETIC SYSTEMATICS
1170,NEUROBIOLOGY
4251,
119P,H.S.I. LISTENING SESSIONS
1179,Enviro Health & Safety of Nano
1178,BIOSYSTEMS ANALYSIS AND CONTROL
5532,MUNICIPAL SYSTEMS &SERVIC
H251,
5536,REGULATION
5535,SOCIAL DATA & EVALUATION
5534,HUMAN RESOURCES AND SER.
8049,BIO PostDocs
119E,FELLOWSHIPS
1811,
1285,NUCLEAR THEORY
1284,ATOMIC THEORY
1287,MATHEMATICAL PHYSICS
1286,ELEMENTARY PARTICLE THEORY
1281,ANALYSIS PROGRAM
1280,NCO PROGRAM OFFICE
1283,SOUTH POLE SAFETY PROJECT
6508,
V597,
1289,PRECISION MEASUREMENTS
1288,ASTROPHYSICS & COSMOLOGY THEOR
1579,HYDROLOGIC SCIENCES
1578,FACILITY SUPPORT
1573,PETROLOGY AND GEOCHEMISTRY
1572,TECTONICS
1571,SCEC
7183,MINORITY GRAD STDNT TRAVEL AWD
1577,GLOBAL CHANGE
1576,NATIONL EARTHQK HZRD REDCT PRG
1575,EDUCATION AND HUMAN RESOURCES
1574,GEOPHYSICS
8052,Inter Com Sci Econ Soc S (ICE)
1818,
5103,EARTH SCIENCES-TOT(US ANTARC)
7965,PSID
1224,SUP OF CORNELL ELEC STOR (PHYS
8549,
053E,BIOSEPARATIONS
8019,Accelerating Innovation Rsrch
8018,Smart and Connected Health
8016,Japan Earthquake 2011
8015,BIO Innovation Activities
J405,
8013,National Robotics Initiative
8012,CR, Earth System Models
8011,Systems and Synthetic Biology
8010,Computing in the Cloud
7456,ITR-CYBERTRUST
7457,NANOSCALE SCIENCE & ENG EDUCAT
7454,MSPA-INTERDISCIPLINARY
7452,NSEE NON-CORE
084E,NANOMANUFACTURING
7450,ALT IN HIGH ED-INST SC EQ
V601,
1220,ELEMENTARY PARTICLE PHYSICS
7458,GEOMORPHOLOGY & LAND USE DYNAM
7459,SEDIMENTARY GEO & PALEOBIOLOGY
1371,POLITICAL SCIENCE
1370,POLITICAL AND POLICY SCIENCE
1373,PNGV-ADVANCED MANUFACTURING
1372,LAW AND SOCIAL SCIENCES
7690,ADVANCE - IT-START
1374,PNGV-MATERIALS
7692,RIG/CAA
7693,CZO: CRITICAL ZONE OBSER SOLIC
7698,CATALYZING INTERDISCIP ACTIVIT
7699,ICER
4732,MICROELECT FABRICA & PACKAGING
137E,Neural-engineering
4730,PROTOTYPING TOOLS & METH PROGR
5994,SLOVAK REPUBLIC
5996,U.S. CROATIA JOINT FUND
5991,KENYA
5993,NIGERIA
5992,MADAGASCAR
W191,
5999,SLOVENIA
5998,UKRAINE
W195,
H107,
7520,CONTINUING EDUCATION
7526,LIBERIA
7527,LIBYA
7524,IRAN
7525,LESOTHO
KX13,
123P,WKSHP ON WOMEN IN BIOTECH
019F,ALMA - IMPLEMENTATION
066E,INSTRUMENTATION & DIAGNOSTICS
019E,SENSORS AND SENSING
3623,
066P,COSEPUP CORE SUPPORT
2367,
5668,
Y345,
Y610,
4725,EXPERIMENTAL SYSTEMS/CADRE
2300,
4727,1081 75-25 DOT
4726,1081 75-16 MARITIME COMM
4720,SIGNAL PROCESSING SYS PROGRAM
026E,STRUCTURAL MECHANICS
026F,CESR -OPERATIONS & MAINTENANCE
I472,
0441,
3748,
099E,High voltage switching & conversion
3746,
044E,CATALYSIS
044F,GEMINI-OPERATIONS &MAINTENANCE
7498,MALI
L195,
028F,NSCL -OPERATIONS & MAINTENANCE
028E,BIOMECHANICS
2275,
2274,
9193,GENERAL COURSE AND CURRICULUM
2271,
2270,
2273,
041F,NAIC
5542,HUMAN NEEDS
5543,PRODUCT. OF SER & DEL ORG
7490,RESEARCH & PROB ASSESSMET
0667,
9249,COMPREHENSIVE REGIONAL CTRS FOR MINORITI
9248,PARTNERSHIPS FOR MINORITY STUDNT ACHIEVE
2889,GRADUATE RESEARCH TRAINEESHIP
9241,OTHER COLLABORATIVE CHEMISTRY
9240,HIGH RISK CHEMISTRY PROJECTS
2451,
2450,NASA ATMOSPHERIC CHEM
9247,SUMMER SCIENCE CAMPS
9246,UNDERGRAD MATERIALS EDUCATION INITIATIVE
X702,
7850,
I137,
5544,TECHNOLOGICAL ASSESSMENT
Y963,
7350,NAT ECOLOGICAL OBSERVATORY NET
9468,
2053,
2052,
2054,
4829,
3690,
J431,
4820,
7980,Core R&D Programs
1226,INDIAN OCEAN EARTHQUAKE & TSUNAMI
9560,
V736,
6365,
6364,
006F,ICECUBE-OPERATIONS & MAINTENAN
7337,JORDAN
006E,BIOPROCESS ENGINEERING
7336,DEPT LEVEL REFORM OF UNDERGRAD ENG EDU
V513,
9290,INDUSTRY INTERNSHIP
9291,GRAD ENG ED-WOMEN, MIN, DISABL
3522,
3523,
9296,PRESIDENTIAL FACULTY FELLOWS
1508,INFOR DISSEM ACTIV FOR PERSONS WITH DISA
7332,LIT SEC RES PERS WKSH LSI
7218,RET SUPPLEMENTS
7219,NANOTECHNOLOGY UNDERGRAD EDUCA
7331,SENSOR NETS
7210,CAR SEC SCHL PROG MAT NL
7211,CAR SEC SCHL PROG MAT LPY
7212,CAR SEC SCHL PROG MAT LSI
7330,LIT-SEC SUPS & ADS (NL)
7214,HIGHLY DEPENDABLE COMPUTING
7215,OPPORTUNITIES FOR RESEARCH CMG
7216,FRONTIERS IN BIO RES (FIBR)
7217,RESEARCH INFRASTRUCTURE IMPROV
2699,
2698,
2696,
N532,
9298,RESEARCH ELECTROCHEMICAL SYNTH
V170,
1365,PHYSICAL INFRASTRUCTURE DEVELP
1602,XYZ CHIP INITIATIVE
6810,ECONOMICS OF INFORMATION
J394,
V358,
1972,ELECTROCHEMISTRY & SURFACE CHE
H433,
X518,
7338,TANZANIA
7324,HSD - MODELING HSD
7325,HSD - INSTRUMENTATION & DATA R
7326,HSD - GENERAL
7327,CRCNS
1968,PHYSICAL INORGANIC
7321,SCIENCE CURRICULUM IMPROV
1618,DMS VIGRE Program
7323,HSD - SPATIAL SOCIAL SCIENCE
1616,FOCUSED RESEARCH GROUPS IN MATH SCIENCES
1966,SYNTHETIC INORGANIC
1960,STRUCTURE AND REACTIVITY
7329,COMPILERS
1962,SPECTROSCOPY
1611,OCEAN PHYSICS
8858,
8840,MODELING OF SPEC S&T INDICATOR
8841,Exploration Projects
8842,Design and Implementation Projects
8843,Integration and Deployment Projects
2870,COMPUTER SYSTEMS ARCHITECTURE
2877,PROGRAMMING LANGUAGES &COMPILR
2876,DISTRIBUTED SYSTEMS
2875,SYSTEM SOFTWARE
2878,SPECIAL PROJECTS - CCF
3355,
7668,NON-LIM UNOBLIGATED BALANCES
3356,
3350,
V123,
161E,Hydrocarb from Biomass (HyBi)
7664,THEORETICAL BIOLOGY
7666,EARMARKED PROGRAM FUNDS
T371,
H328,
5440,OTHER FACILITIES & SUPPORT OPS
T377,
1768,Cyber Security - PHY Only
1769,Other Nano
1762,SOLID STATE & MATERIALS CHEMIS
1763,QUANTUM SOLIDS & LIQUIDS
1760,CONDENSED MATTER SCIENCES-RESR
1761,SOLID STATE PHYSICS
1766,STRATEGIC TECH FOR INTERNET
1767,Nanoscale Research-for PHY use only
1764,LOW TEMPERATURE PHYSICS
1765,CONDENSED MATTER & MAT THEORY
1142,CELLULAR BIOCHEMISTRY
1143,BIOCHEMISTRY
1140,MOLECULAR & GENETIC BIOSCIENCE
1141,PHYSIOLOG & STRUCTURAL SYS
1146,ANIMAL SYSTEMS PHYSIOLOGY
1147,ENDOCRINOLOGY
1144,Molecular Biophysics
1145,INTEGRATIVE PLANT BIOLOGY
138E,Stem cells/regenerative medicine
1148,ECOLOGICAL & EVOLUTIONARY PHYS
8621,
7320,ELEM SCHL RES PERS WKSHOP
K629,
T018,
5509,SOCIETAL RESPONSE TO NAT HAZDS
5506,LAW, SCIENCE & TECHNOLOGY
5507,PUBLIC POLICY
5504,RESOURCE SYSTEMS
5505,EXCAVATION TECHNOLOGY
5502,RENEWABLE RESOURCES
5503,NON-RENEWABLE RESOURCES
5500,NEURAL SYSTEMS CLUSTER
5501,RESOURCES
1546,SUMMER SCIENCE CAMPS
1547,COMP PART FOR MATH & SCI ACHIE
1544,RES ON GENDER IN SCI & ENGINE
1545,RES IN DISABILITIES ED
1542,GEOLOGY
1543,GEOPHYSICS
1540,OTHER SOLID EARTH SCIENCE
1541,GEOCHEMISTRY
7598,INTL IODP ACTIVITIES
1548,COMP REGIONAL CENTERS FOR MINO
1549,EXTRA-TERRESTRIAL MATERIALS
T767,
1781,NATIONAL MAGNET LABORATORY
Z206,
6400,DATA SYSTEMS
GRCH,HPCC GRAND CHALLENGES
8538,
1941,ANALYT SEPARATIONS & MEASUREMN
8028,Sensor Technology
154E,Computat systems & security
8022,Sustainable Infrastructure Materials
8023,Health Care Enterprise Systems
8020,Green Engineering
8021,Materials Engineering
8026,Renewable Energy Storage (RESTOR)
8027,Cyber Secur - Cyberinfrastruc
8024,Complex Systems
8025,Advanced Materials Processing
7441,LIT SEC TCHR TRAIN PROLPY
7440,CAREER ACCESS OPPOR IN S&T
7443,LIT SEC TCHR TRNG PRO LC
7442,LIT SEC TCHR TRNG PRO LSI
7445,CLEANER
7444,NATIONAL SMETE DIGITAL LIBRARY
7447,SENSORS SOLICITATION
7446,MATH PRIORITY SOLICITATION
7449,BHUTAN
7448,GABON
5610,ENVIRONMENTAL QUALITY
122P,RESPONSIBLE CONDUCT OF RES
6562,
7685,SMALL INSTRU PROG-2/4YR C
7684,STRATEGIC TECHNOLOGIES FOR CI
1388,INFRASRUCTURE COMPETITION
1389,CARBON CYCLE RESEARCH
7681,ENG NNI SPECIAL STUDIES
7680,Broadening Participation - ENG
1384,EDUCATION RESEARCH INITIATIVE
1385,SPECIAL STUDIES AND ANALYSES
1386,ENVIRONMENTAL STATISTICS
1387,DIGITAL GOVERNMENT PROGRAM
1380,SCIENCE POLICY RESEARCH
1381,OPPORTUNITY FUND, TCW
7689,ASSEMBLING THE TREE OF LIFE
7688,SCIENCE,TECH,ENG&MATH TEACHER
020F,ALMA -OPERATIONS & MAINTENANCE
098E,Antennas and Electromagnetics
029P,AAAS Workshops
045E,Adv Mats for Separation Process
098F,ATST Mitigation
5001,Haiti Earthquake
141P,NSF Eval & Assess
020E,TISSUE ENGINEERING
3040,
7569,CYBERINFRASTRUCTURE/SCIENCE
029E,INFRASTRUCTURE SYSTEMS MGT
3043,
4380,
00,DATA NOT AVAILABLE
K612,
7225,ALTERNATIVE DEGREES
K617,
5190,MAJOR CONSTRUCTION & PROCUREMN
9256,HPCC-RELATED AWARD
7539,REUNION
7538,REP. CONGO
8806,INFO & TECHNOLOGY SVCES PRGM
7535,WOMEN IN SCIENCE
7534,QATAR
7537,PHYSICAL. HANDICAP. IN SC
7536,MINORITIES IN SCIENCE
7531,MAURITIUS
7533,NIGER
7532,MYANMAR
052P,WKSHP FOR BROADER IMPACTS
1368,DDOP-MEDEA
7224,SENSOR SOLICIATATION
9158,ACCESS PROTOTYPE
052F,NOAO
052E,MAT & PROC FOR CHEM SEPARATION
5271,ARCTIC OFFSHORE RES PROG
Y353,
085E,POLYMER & COMPOSITES PROCESSES
4755,1081 75-72 NTIS 75-12801
134E,EXPLOSIVES & THRTS EXP SMALL
5877,
1077,DDOP:LIFE & EARTH'S ENVIRONMEN
0456,
0455,
3216,
5376,INNOVATION & ORG SCIENCES(IOS)
007E,Biological Separation Processes
007F,EARTHSCOPE
1072,HIGH PERFORMANCE
3754,
5370,SMALL BUSINESS INNOVATION PROG
007P,BFE LoB
5131,INFORMATION SVCS(US ANTARC RES
5373,SMALL BUSINESS PHASE II
W544,
2200,
2201,
2203,
2205,
2206,
T478,
I245,
0670,
0675,
2046,
7228,DATA AND APPLICATIONS SECURITY
018P,FAADS and CFFR PROGRAMS
3582,
9506,
067E,DESIGN TOOLS
018E,REMEDIATION
T471,
X342,
I106,
I107,
I104,
7841,
7840,
4839,
6350,
4831,
4832,
4834,
3684,
6194,INDIA
027E,NANOMECHANICS
1980,PROGRAM SUPPORT
2514,
K592,
K591,
2510,
2512,
2734,
2735,
V509,
2731,
5298,LIFE IN THE COLD AND DARK
5299,EDUCATION
7185,BIOLOGICAL INFO RSRCH STARTER
5297,ICE SHEET DYNAMICS/STABILITY
5294,Antarctic Education
5295,IPY (GENERAL)
5292,ANTARCTIC INTEGRATED SYS SCI
5293,AON IMPLEMENTATION
9186,RESOURCE USE AND MANAGEMENT
9187,TOXIC SUBSTANCES/SOLID & HAZARDOUS WASTE
9184,BIOTECHNOLOGY - INFRASTRUCTURE
9185,STANDARD REF DATA PROJECT
9183,GENERAL FOUNDATIONS OF BIOTECHNOLOGY
9180,PUBLIC SCIENCE LITERACY EDUCATION
9181,BIOPROCESSING/BIOMOLECULAR MATERIALS
mx36,
9288,LOMA PRIETA EARTHQUAKE
9188,AIR QUALITY
9189,WATER RESOURCES/COASTAL & MARINE ENVIRON
7209,NEXT GEN CHEM & BIO SENSORS & SENSING SY
7208,DMS/NSE
1810,
9230,ROBOTICS RESEARCH
7203,QUANTUM INFORMATION SCIENCE
7202,NANO - CHEM
7201,NUCLEAR ASTROPHYSICS
7207,ENG DESIGN FOR UNCERTAINTY-RES TO SEPT11
7206,PREMISE
7205,BIOCOMPLEXITY IN THE ENVIRONMENT-PHYSICS
7204,DoE-NSF LABORATORY FELLOWSHIPS
6222,
4120,WATERWAY EXPERIMENT STATION
8635,
V437,
8145,
J148,
1609,NSF ASTRON & ASTROPHY PSTDC FE
1608,BIOCOMPLEXITY INCUBATION AWARDS
7335,WORKFORCE IN THE MATHEMAT SCI
7334,MATHEMATICAL BIOLOGY
7333,MATHEMATICAL SCIENCES RES INST
9297,NSF YOUNG INVESTIGATOR
9294,MATERIALS SYNTHS & PRCS/SINGLE
1978,PROJECTS
1600,OCEAN SECTION RESERVE
1603,POSTDOC RSCH FLLWSHP MICRO BIO
9299,COMB RESRCH-CURRC DEV IN TECH
1605,NEW TECHNOLOGIES FOR THE ENVIRONMENT
1604,SCALABLE ENTERPRISE SYSTEMS
1607,EXPLOR RESRCH ON ENGINEER THE TRANS INDU
1606,BIOPHOTONICS PARTNERSHIP INITIATIVE
1555,EXPERIMENTAL & THEORETICAL GEO
7636,NESCENT
T372,
T370,
V863,
5330,PUBLIC POLICY AND SERVICE
7168,MINORITY GRADUATE FELLOW-FY-88
8855,DDOP: EFF
2845,COMP & COMPUTAT RES-SM BUS RES
2842,COMPUTERS AND SOCIETY
2843,COORDINATED EXPERIMENTAL RESEA
2840,SPECIAL PROJECTS (CDA FRONT OF
2841,SPECIAL PROJECTS& STUDIES
7637,NANTOXICOLOGY
155E,Electric power networks
V238,
T975,
1259,STATISTICS & PROBABILITY
1775,ELECTRONIC/PHOTONIC MATERIALS
1774,CERAMICS
1777,MSP-TEACHER INSTITUTES
1771,METAL & METALLIC NANOSTRUCTURE
1770,METALLURGY,POLYMERS&CERAMS-RES
1773,POLYMERS
1772,CERAMICS & ELECTRONIC MATERIAL
7050,NSB COMM ON PRE-COLL M,ST
1779,MAT, U.S./U.S.S.R. ACTIVI
T571,
9287,MANAGEMENT TECHNOLOGY INITIATI
X467,
115E,RESEARCH EXP FOR TEACHERS
177T,OTHER MISSION RELATED APPS
1159,POSTDOC RSCH FELLOW IN MOL EVO
1158,BIOMOLECULAR PROCESSES
1155,INTEGRATIVE ANIMAL BIOLOGY
1154,GENE EXPRESSION
1157,MINORITY POSTDOC RSRCH FLW-NEW
1156,MICROBIAL GENETICS
1151,BIOCHEMISTRY
1150,MOLECULAR BIOLOGY
8631,
1152,BIOPHYSICS
5519,FIRE RESEARCH
5518,EARTHQUAKE ENGINEERING
L147,
5511,ENERGY RESEARCH & TECH
5510,ADVANCED TECH. APPLICAT.
5513,INSTRUMENTATION TECHNOLOGY
5512,ENERGY CONVERSION
5515,INDUSTRIAL PROCESSING
5514,OPERATIONS RESEARCH
5516,EXCAVATION TECHNOLOGY
1551,STRATIGRAPHY & PALEONTOLOGY
1550,EARTH SCIENCES PROJECT SUPPORT
1553,CRUSTAL STRUCTURE & TECTONICS
1552,SURFICIAL GEOLOGY
3038,
3039,
1557,VOLCANOLOGY & MANTLE GEOCHEMIS
1556,PETROGENESIS & MINERAL RESOURC
1559,SPEC PROJTS-EARTH SCIENCES-RES
1558,EXPERIMEN & THEORETICAL GEOCHE
3037,
T885,
J369,
J368,
J200,
8700,Nanoelectronic Interdisc Teams
I331,
I235,
7343,BANGLADESH
8035,Hardware Devices
8034,Hardware Components
8037,Advanced Manufacturing
8036,Advanced Electronics
8031,Education Products
8030,Chemical Technology
8033,Hardware Software Integration
8032,Software Services and Applications
178T,IT SECURITY AND PRIVACY
8039,Information, Communication & Computing
8038,Biotechnology
051P,WEB CONTRACT
9999,PRE 78 CONVERTED PROGRAM
8528,
5600,INTER DECADE OF OCEAN EXPLORAT
3295,
051F,ATST - CONCEPT & DEVELOPMENT
051E,Interfacial trans & thermodynamic
8526,
3297,
H128,
6510,ECONOMICS OF INFORMATION
086E,MULTISCALE PROCESS MODELING
6516,
9637,
Z853,
Z218,
1900,CHEMISTRY - UNDISTRIBUTED
1399,MULTILINGUAL INFORMATION ACCESS & MGMT
1398,BIO INFOR POSTDOCT RSCH FELLOW
1397,CROSS-DIRECTORATE ACTIV PROGR
1395,SYSTEMATIC ANTHROPOLOGICAL COL
7349,PR FOR RES & EDU W/SM TELESCOP
1393,ARCHAEOMETRY
1392,Biological Anthropology
1391,ARCHAEOLOGY
1974,ANALYTICAL SEPARATIONS & MEAS.
3817,
139E,Macromolecule Markers
Y811,
8457,
9114,MARINE BIOTECHNOLOGY--AGRICULTURAL
I451,
139P,External Analysis of NSF FRI
K603,
3512,
7540,PRE-COLLEGE TEACHER DEVEL
7541,RWANDA
AMPP,ADVANCED MATERIALS & PROCESSING PROGRAM
W048,
7546,SUDAN
040E,Haz mitigation of structural sys
088E,THERMALLY DRIVEN PROCESSES
7266,ENHANCING HUMAN PERFORMANCE
2298,
3516,
064E,Convection heat and mass transfer
3515,
6162,ARAB REPUBLIC OF EGYPT(INT TRA
6165,PAKISTAN (INTERNATIONAL TRAVEL
6164,INDIA - INDIVIDUAL TRAVEL
3367,
6166,INTERNATIONAL PROGRAMS
1165,ADVANCES IN BIO INFORMATICS
4749,NOAA 1081 75-63 HEWA75028
4742,1081 75-6 ERDA GI43089
Y364,
W223,
024F,GENI CONCEPT/DEVELOPMENT
024E,MATERIALS DESIGN
5864,
4210,
046F,NRAO-OPERATIONS & MAINTENANCE
2971,
046E,Electrochem, Photochem & Fuel Cls
2181,
7230,PRE-COLLEGE MATRLS-ELEMEN
6565,
4603,
0646,
2212,
0645,
2217,
0640,
8056,Cyberlearning Resource Center
Y088,
2582,
0648,
9292,FACULTY AWARDS FOR WOMEN
7165,MINORITY GRAD FELLOWSHIPS-FY85
V753,
2430,
2435,
9293,RESRCH IN INTELL MAT HNDLG SYS
7831,
7832,
7833,
X727,
4513,
4510,
4511,
4514,
4207,
6185,PAKISTAN - GROUP TRAVEL
6184,INDIA-GROUP TRAVEL
4204,GEMINI OBSERVATORIES
2506,
2502,
X439,
2722,
5281,INNOV THRU INSTITUTNL INTEGRTN
008E,Gene and Drug Delivery
5283,POLAR POST DOC
5282,HUMAN ORIG: MOVING IN NEW DIR
5284,GK-12
5287,USCG - Antarctic
5286,BEST
7236,BIOPHOTONICS, IMAGING &SENSING
7945,DES AUTO FOR MICRO & NANO SYST
7946,BIO COMPUTING
7235,UNDERGROUND PHYSICS
7232,MATHEMATICAL GEOSCIENCES
7941,COMPUTER ARCHITECTURE
7942,HIGH-PERFORMANCE COMPUTING
7943,Programing Languages&Compilers
9199,UNDISTRIBUTED PANEL/IPA FUNDS
9198,OTHER ENVIRONMENT
008P,FMLoB
7949,LIFE IN TRANSITION (LiT)
7238,ENG ITR CORE ACTIVITIES
7239,ENG BIOCOMPLEXITY CORE ACTIVITIES
1807,
3783,
8029,Comp&Data Driven Mat Res(CDMR)
8999,
3786,
3787,
1800,Research Experience for Vets
8990,
1808,
5564,ENERGY STORAGE
4991,
6235,
V020,
V405,
X186,
170E,Interagency Agreements
9130,RES IMPROVE IN MINORITY INSTIT
7302,MENTOR THR CRIT TRANS PTS IN THE MAT SCI
7303,MATH SCI PRIORITY AREA: INTERDISCIPLINAR
1948,SYNTHESIS
7301,RES TRAINING GROUPS IN THE MATH SCIENCES
9289,FORMAL METHOD SOFWARE ENG INIT
149E,Granular systems
7304,ERE General
X506,
9285,CONSRV & RESTOR BIOL SPEC COMP
9284,PRC SCIENTIST SUPPLEMENTS
7308,BE-UF: ECOL OF INFECTIOUS DISE
9286,APPLICATION SPECIF COMPUT SYST
9281,EDUCATIONAL SUPPLEMENTS (CISE)
1254,INSTRU DEVEL FOR NANO SCI & ENG (NANO95)
1944,BIMOLECULAR PROCESSES
9282,MINORITY GRADUATE RESEARCH
0,DATA NOT AVAILABLE
1527,LARGE-SCALE DYNAMIC METEOROLOG
1520,COMPUTING FACILITIES
1521,AERONOMY
1991,CHEMISTRY PROJECTS
1250,OLD-THEORETICAL PHYSICS
1622,SUBMARINE GEOPHYSICS
2851,COORD EXP RESEARCH FACILITIES
1251,LASER INTER GRAVIT WAVE OBSERV
5180,ANTARCTIC LOGISTIC SUP-OTH NAT
1490,FUNDAMNTL RES IN EMERG & CRITI
1491,BIOTECH, BIOCHEM & BIOMASS ENG
1492,EMERGING TECHNOLOGIES INITIAT
1493,LIGHTWAVE TECHNOLOGY
1494,NEUROENGINEERING
1495,COMPUTATIONAL ENGINEERING
1496,GEOTECHNICAL II
1497,ARCHITECTURE & MECHAN SYSTEMS
1498,STRUCTURES II
1499,EARTHQUAKE SYSTEMS INTEGRATION
V242,
T961,
1994,BIOINFORMATICS PROGRAM
1700,MATERIALS, NOT ELSEWHERE CLASF
1701,MATERIALS RESEARCH-IUC
1702,NSFENET CONNECTIONS PROGRAM --NLM FUNDS
1394,DISSERTATIONS
1704,APPLICATIONS SYSTEMS & SOFTWAR
1705,BIOLOGY & INFORMATION TECHNOLO
1706,DIGITAL GOVERNMENT
5260,ARCTIC RESEARCH COMMISSION
1708,QuBIC
1709,CISE EDUCAT RES & CURRIC DEVEL
126E,CENTERS: HAZARD MIT & WARNING
7736,DOD ASSURE PROGRAM
M576,
6405,
1258,TOPOLOGY AND FOUNDATIONS
k629,
X474,
1390,CULTURAL ANTHROPOLOGY
1629,BE: Non-Announcement Research
1128,POP & COMMUNITY ECOL CLUSTER
1129,LONG-TERM PROJCTS IN ENVIR BIO
8609,Other Energy Research
4576,
1120,DIVISION RESERVE - BSR
1121,ECOLOGY
1122,SYSTEMATIC BIOLOGY
1123,POPULAT BIOLOGY & PHYSIOL ECOL
8606,EXTREEMS-QED
8607,Solar Energy Capture&Conver
8604,Fuel Cells
8605,SBE 2020
9109,AGRICULTURAL BIOTECHNOLOGY
5224,U.S. CIVILIAN RES & DEVEL FDN
2833,SPECIAL PROCECTS
T893,
3021,
2984,
123E,CENTERS: ADVANCED MATERIALS
7939,WIRELESS COMM & SIGNAL PROCESS
T787,
3311,
X988,
T781,
8040,Energy and Environment
8041,Fabrications and Processing Technology
8042,Health and Safety
1237,WATER AND WATERSHEDS
8044,BIO Innovation Activities
8045,I-Corps - Nodes
1232,HADRONS AND LIGHT NUCLEI
1233,NUCLEAR STRUCTURE & REACTIONS
8048,Division Co-Funding: CAREER
101E,Printed and flexible electronics
1238,TECH FOR SUSTAINABLE ENVIRONMENT
1239,VALUATION
1091,COLLAB RSCH AT UNDERGRAD INSTI
8519,
8286,REG ADRIATIC COOPRSRCH CSTLOCN
8283,Exploiting Parallel&Scalabilty
8280,INTEGRATED OCEAN DRILLING PROG
8281,Jobs Council
5548,PRIVATE SECTOR TECHNOLOGY
8288,BMGF
4116,
8677,DiD Challenge
H110,
6500,STRUCTURE OF INFORMATION
X535,
Z533,
112E,CENTERS: ENGINEERED SYSTEMS
047P,VISUAL INFORMATION SUPPORT
W143,
047E,REACTION ENGINEERING
047F,NSO
X508,
8464,
I442,
5708,
7553,PHYSICS AT THE INFO FRONTIER
7552,COFFES
7557,UICRP
7556,CONFERENCE AND WORKSHOPS
7555,STC CLASS OF 2005
7554,RES. EXP. FOR GRADS (CULT ANT)
050P,SECTION 508 CONTRACTOR
050E,CHEMICAL PROCESS DESIGN
6891,CLIMATE CHANGE EDUCATION
4170,
6890,RECOVERY ACT ACTION
I232,
6751,
087E,SENSING & CONTROL
7177,MODEL INSTITUTIONS FOR EXCELLENCE
7176,NSF GRAD TEACH FELLOW K-12
S077,
Y177,
7154,GRADUATE FELLOWSHIPS-FY84
3066,
7395,NAMIBIA
Y395,
7173,GRADUATE TRAINEESHIPS PROGRAM
9271,CAREER ACCESS OPPORTUNITIES
009E,Metabolic engineering
3064,
7397,MATHEMATICAL SOC & BEHAV SCI
3316,
Y398,
2947,
7153,GRAD RES FELLOWSHIPS-FY83
H228,
7391,GHANA
4612,
2461,
0653,
7675,NON-LIMITATION RECOVERIES
0655,
0654,
0658,
7392,MOZAMBIQUE
2223,
7178,MATH, ENG & TECH EDUCATION
5924,TAIWAN
5146,ANTARCTIC LOGISTICS SUPPORT
5926,LATIN AMERICA, SDC
5927,EAST ASIA, OTHER
5920,ITALY
5921,JAPAN
5922,MEXICO
5923,PEOPLES REPUBLIC OF CHINA
5928,AFRICA AND ASIA,OTHER
5929,SCIENCE IN DEVELOPING COUNTRIE
065P,GUIRR/FDP SUPPORT
089E,PLANNING, OUTREACH & EDUCATION
7421,SCI FAC PROF DEV-INDUS RE
Z652,
7399,CISE MINOR INST INFRA (MII) PR
7420,ALT IN HI ED COL TEACHPRO
1052,RAPID PROTOTYPING
LX25,
065E,Radiation heat transfer
4500,NAT ASTRONOMY & IONESPHERE CEN
7821,
7820,
7542,SAUDI ARABIA
5351,APPROPRIATE TECHNOLOGY
2083,
5350,EXPER PROGRAM TO STIM COMP RES
2086,
Y007,
7150,GRADUATE FELLOWSHIPS-FY80
3056,
025E,INFRASTRUCTURE MATERIALS
2530,
0091,
2712,
2713,
3341,
3346,
3093,
7221,COLLEGE TEACHER PROGRAMS
7956,SBE Interdisciplinary Research
7223,BIOGEOSCIENCES
7222,OFFICE OF SPECIAL PROGRAMS-DMR
9168,EPSCOR OUTREACH
9169,BIODIVERSITY AND ECOSYSTEM DYNAMICS
7951,ENG INTERDISC RES (IDR)
7950,DISSEMINATION/IMPLEMENTAT
9164,SINGLE DIVISION/UNIVERSITY - GOVT LAB
9165,MULTI DIVISION/UNIVERSITY-INDUSTRY
9166,MULTI DIVISION/UNIVERSITY-GOVT LAB
9167,CEMENT STC
9160,PRT
9161,SINGLE DIVISION/UNIVERSITY
7959,MACROSYSTEM BIOLOGY
9163,SINGLE DIVISION/UNIVERSITY - INDUSTRY
1696,MPS INTERNSHIPS IN PUBLIC SCIENCE EDUCAT
9174,GEMINI (TELESCOPES)
3799,
1834,
3791,
2406,
4980,
4983,
4985,
2158,
2409,
5380,INT INDUS/UNIV/GOV COOP RESRCH
5381,POLAR OBSERVING SYSTEMS
5382,PHYS, CHEM, GEOL &/OR PALEO
5383,HUMAN &/OR BIOLOGICAL
5385,HUMANS IN THE POLAR REGIONS
5386,ENVGENOMICS OF POLAR ORGANISMS
5389,SHARED CYBERINFRASTRUCTURE
3055,
1954,QUANTUM CALCULATIONS
1956,STATISTICAL AND SIMULATIONS
1950,METHODOLOGY
1952,THEORETICAL AND COMPUTATIONAL
1958,EXPERIMENTAL & PHYSICAL CHEMST
T311,
5710,DEEP SEA DRILLING ACTIVITY
7319,HSD - DYNAMICS OF HUMAN BEHAVI
7318,HSD - AGENTS OF CHANGE
8877,KDI-COMPETITION
7314,ITR FOR NATIONAL PRIORITIES
7317,INTERDISC TRNG IN BIO & MATH
7316,EAPSI
7311,CAR SEC RES PERS WKSH LPY
7310,BE: CARBON & WATER IN ES
7313,REGIONAL INST FOR GLOBAL CHANG
7312,CAREERS-SEC SUPER (LSI)
4392,
7615,STUDENT-ORIGINATED PROG
V528,
J292,
J290,
1821,
100E,Novel devices & vacuum electronics
1483,EARTHQUAKE ENGINEER RESRCH CTR
1480,ENGINEERING RESEARCH CENTERS
1486,INTERFAC TRANS & SEPAR-GENERAL
1484,CHEMICAL REACTION PROC-GENERAL
V251,
3302,
H378,
100P,IAE - LOANS AND GRANTS
1713,WORKFORCE
1712,DMR SHORT TERM SUPPORT
1711,MATERIALS EDUCATION AND RESEARCH
5251,American WkforceResrch&Edu Program-AWARE
1717,BIOLOGICAL COMPUTATION
1715,METALS, CERAMICS, & ELEC MATRS
1714,SPECIAL PROJECTS - CISE
9137,MINOR RES INITIAT (MRI)-EXT AD
1719,COMPUTATIONAL BIOLOGY
113P,QEM WORKSHOP FOR MRI
016f,
4060,CENTERS PROGRAM
6398,
113E,ENG CURRICULUMN DEVELOPMENT
100p,
4062,CENTERS-PHASE 2
1139,RSCH EXPER FOR UNDERGRAD SITES
1138,SPEC PROJ-PERSONS WITH DISABIL INITIATIV
2417,
1133,WIDER
1132,CELLULAR ORGANIZATION
1131,ARABIDOPSIS
1130,BEHAV & NEURAL SCIENCES
1137,SPECIAL PROJECTS-WOMEN & GIRLS INITIATIV
1136,SIGNAL TRANSDCTN/CELL REGULATN
1135,UNGRAD MENTORING IN ENVIR BIOL
1134,FUNCTINL ORGANIZATN & DYNAMICS
H218,
L121,
5945,VENEZUELA
7788,CreativeIT
7789,UARS SPECIAL PROGRAMS
7786,MCDA
7787,EESE
7784,CEIN-CTR ENVIR IMPL OF NANO
7785,ITR - DATANET
7782,CLUSTER EXPLORATORY (CLuE)
7783,UNGRAD RES MENTORING IN BIO
7781,PETASCALE - TRACK 1
3019,
7148,GRAD FELLOWSHIPS-FY78
7149,GRADUATE FELLOWSHIPS-FY79
148E,Combustion
7144,GRADUATE FELLOWSHIPS-FY74
7145,GRAD FELLOWSHIPS- FY 75
7146,GRAD FELLOWSHIPS-F.Y. 76
7147,GRADUATE FELLOWSHIPS-FY77
4066,PART FOR ADVANCED COMP INFRA
5537,IMPROVING USE OF RESOURCE
1000,DIRECTORATE'S RESERVE
1227,BIO MINORITY STARTER GRANT
8500,Ideas Lab projects
7921,APPLICATIONS
8050,Science of Broadening Participation
1223,LHC OPERATIONS
1222,SUP OF CORNELL ELEC RING (CESR
1221,ELEMENTARY PARTICLE ACCEL USER
8054,Inters Biol and Math and Phys
4183,
8058,Science Across Virtual Instits
4184,
1229,PHYSICS, US/USSR ACTIVIT
1228,MINORITY INVOLVEMENT -- BIO
H105,
8293,Hurricane Sandy
8292,DMREF
4067,RESOURCES
4344,
4343,
2882,CISE CHALLENGES
2883,INFORMATION TECHNOLOGY WORKFORE
2880,SOFTWARE ENGINEERING AND LANGU
2881,CISE/EHR/ENG/MPS COLLAB RSCH ON LEAR TEC
2886,MINORITY INSTITUTIONS PROGRAM
2887,SMALL SCALE PROGRAM
2884,NEXT GENERATION SOFTWARE PROGR
2885,CISE RESEARCH INFRASTRUCTURE
7492,CCLI-Type 2 (Expansion)
7493,CCLI-Type 3 (Comprehensive)
2888,EDUCATIONAL INFRASTRUCTURE
7491,Cultiv Cultures 4 Ethical STEM
7496,COLLABORATIVE SYSTEMS
7497,SRI LANKA
7494,CCLI-Type 1 (Exploratory)
7495,ROBUST INTELLIGENCE
4064,LOCAL ACCESS
8611,Energy Efficiency and End Use
8610,
045F,NRAO
Z523,
2317,
W159,
S002,
4065,SOFTWARE
7717,INTEGRATIVE INTELLIGENCE
L583,
L582,
MX21,
MX23,
8246,GEMINI TELESCOPES-OPERATIONS
EGCH,ENVIRONMENT AND GLOBAL CHANGE
7566,PIRE
7567,SOC STUDIES OF SCI, ENG & TECH
7564,COMMS, CIRCUITS & SENS SYS
7565,OPUS
7562,DOMINICAN REPUBLIC
7563,ECUADOR
6404,
7561,CANADA
7568,ADVANCE-PAID
KX51,
7764,EMERGING TOPICS
7765,INNOV INSTIT INTEGRAT-MSP
122E,CENTERS: OTHER INDUSTRY-UNIV
7767,INNOV INSTIT INTEGRAT-CREST
7760,MSP-START PARTNERSHIPS
7761,MSP-PHASE II PARTNERSHIPS
7762,IREC
3194,
3906,
031E,MECHATRONICS
3908,
3062,
6742,POLAND
5620,ENVIRONMENTAL FORECASTING
9272,EARTHQUAKES-ENGINEERING
5954,YUGOSLAVIA
2742,
3061,
4168,
022E,SOLID MECHANICS
022F,EXPER FACIL CNCPT/DEV PHASE
Z510,
3475,
Y810,
NONE,INFRASTRUCTURE FOR SBS COMP (NSF-99-32)
7180,EDUCATIONAL RESEARCH INITIATIV
M143,
040F,NEON - CONSTRUCTION
7181,CENTERS FOR LEARNING & TEACHIN
K162,
7182,MINORITY POSTDOC RSRCHFLLW-EXT
9274,OCEAN ENGINEERING & TECHNOLOGY
2238,
079E,VISUALIZATION & VIRTUAL DESIGN
7184,MINORITY POSTDOC RSRCH STARTER
2233,
2236,
5937,SWEDEN
5936,GERMANY (F.R.G.)
5935,FINLAND
5934,SOUTH PACIFIC ISLANDS
5933,US-POLAND MARIE CURRIE JNT FND
5932,NATO INSTITUTE TRAVEL
5931,INTERNATIONAL INFO & ANALYSIS
5930,U.S.-CZECHOSLOVAKIA PROGRAM
lx11,
7187,MICROBIAL GENOME SEQUENCING
3301,
5939,US/USSR ACTIVITIES
8426,POLAND
7363,RES IN NETWORKING TECH & SYS
K515,
7810,
3499,
3497,
3492,
3493,
2094,
8425,
2093,
4577,
1300,BBS-RESERVE
9276,PRES YOUNG INV BLUE RIB PAN EX
2525,
2527,
2526,
2521,
3065,
2529,
2528,
Y030,
4492,
4889,
2709,
2708,
2704,
2707,
2706,
2700,
2702,
7962,ENV., SOCIETY AND THE ECONOMY
7963,ITR-CDI
7960,EEC Innovation Awards
7961,NSEC Fellowship
7966,GSS
7967,EDUCATION AND WORKFORCE
9179,GRADUATE INVOLVEMENT
9178,UNDERGRADUATE EDUCATION
9177,ELEMENTARY/SECONDARY EDUCATION
9176,COMPUT APPROACH TO REAL MATRLS
7968,Dimensions of Biodiversity
7969,FY 2010 Funding for PTR
9172,STC PLANNING GRANTS
9171,SCIENCE AND TECHNOLOGY CENTERS
9170,NSF PLANNING & EVALUATION
1829,
1828,
1827,
1826,
4400,CERRO TOLOLO INTER-AMERICAN OB
9573,
013E,MULTI-SCALE MODELING
2412,
2414,
2141,
2419,
2418,
6257,
4973,
053F,NOAO -OPERATIONS & MAINTENANCE
3950,
5394,PRGM SUPPLEMENT
V391,
V465,
1920,RESEARCH/TESTBEDS
1922,CONNECTIONS
5572,SERVICE DELIVERY TECH & SYSTMS
3270,
3271,
1126,LONG-TERM ECOLOGICAL RES (LTER
172E,Geomechanics
8547,
7368,SCI TESTBEDS
7369,INTERNATIONAL RES NET CONNECT
8888,LEARNING & INTELLIGENT SYSTEMS
8889,COLLABORATIVE RESEARCH ON LEARNING TECH
3472,
I318,
7360,STATEWIDE SYSTEMIC INITIATIVES
7361,EDUCATION AND WORKFORCE
7362,NETWORK SYSTEMS
8887,ICASS
7364,INFO INTEGRATION & INFORMATICS
7365,EDUCATIONAL SYSTEM REFORM
7366,RURAL SYSTEMIC INITIATIVE PROG
7367,Cyber-Human Systems
X277,
043F,GEMINI
3199,
7022,CAUSE, 2-YR INSTITUTIONS
7021,CAUSE, 4-YR INSTITUTIONS
9000,BPEC
H369,
3310,
3313,
3312,
3315,
3314,
3317,
7453,GRAPHICS & VISUALIZATION
084F,Partnrshp Planning Solicitatn
1728,PROG FOR WOMEN AND UNDERREPRESENT GROUPS
1729,K-12, UG, GRAD AND POSTDOCTORAL
1726,SCIENCE OF LEARNING CENTERS
5247,POST DOC/TRAVEL
1725,NAT'L FACILITIES & INSTRUMNTAT
5241,INFORMATION SVCS (ARCTIC RES)
5240,INFORMAT & ADVIS SVC(ARCTIC RE
1720,SOLID-STATE CHEMSTRY & POLYMRS
T549,
5318,CIVIL & ENVIRON ENGIN APPL-RES
T545,
145E,Water sustainability
110E,EDUCATION RESEARCH
7930,SPECIAL PROJECTS
7281,QUATM INFO & REVOLUTIONARY COM
CL10,Career-Life Balance Supports
7799,ACI FELLOWS
7798,SOFTWARE & HARDWARE FOUNDATION
7280,GEOBIOLOGY
7791,ULAFOS SPECIAL PROGRAMS
7790,LARS SPECIAL PROGRAMS
7793,DATA-INTENSIVE COMPUTING
7792,AMER COMPETITIVENESS FELLOWS
7795,TRUSTWORTHY COMPUTING
7794,NETWORK SCIENCE & ENGINEERING
7797,COMM & INFORMATION FOUNDATIONS
7796,ALGORITHMIC FOUNDATIONS
7694,UNDERGROUND R&D
1588,IMPLEMENTATION DEV PROJ FOR WOMEN
1589,FOCUSED RESEARCH GROUPS
7937,NETWORK CODING AND INFO THEORY
7159,GRADUATE FELLOWSHIPS - FY-89
7158,GRADUATE FELLOWSHIPS - FY-88
1582,MODEL INST OF EXCELL NON-RESER
1583,ACTIVE TECTONICS
1580,INSTRUMENTATION & FACILITIES
1581,CONTINENTAL DYNAMICS PROGRAM
1586,HIGH PER COMPUTING AND COMMUNI
7696,ENVIRONMENT, HEALTH & SAFETY
1584,ENVIRO GEOCHEM AND BIOGEOCHEM
1585,STUDIES OF THE EARTHS DEEP INT
T434,
1038,ASSESSMENT TECHNOLOGIES
1039,RENEWAL ENGINEERING
7938,SENSOR NETWORKS
1032,ADVANCED TECHNOLOGY EDUCATION
1033,MOLECULAR EVOLUTION POSTDOCS
1031,STUDIES OF THE EARTH'S DEEP INTERIOR
1036,BIO MINORITY POSTDOC RESEARCH FELLOW PGM
7289,COLLABORATIVE RESEARCH RESOURCES
1035,MICROWAVE PROPOSALS
1212,RADIO ASTRONOMY
1213,NSF
1210,ASTRONOMICAL SCIE-OTHER-RESERV
1211,UNIV RADIO FACILITIES PROGRAM
1216,GALACTIC ASTRONOMY PROGRAM
1217,EXTRAGALACTIC ASTRON & COSMOLO
1214,PLANETARY ASTRONOMY
8069,CDS&E-MSS
1218,ADVANCED TECHNOLOGIES & INSTRM
1219,SPECIAL PROGRAMS IN ASTRONOMY
8062,SCH Type II: INT
8060,Secure &Trustworthy Cyberspace
103E,Energy efficient electronics
7485,DATA MANAGEMENT SYSTEMS
7484,IIS SPECIAL PROJECTS
7487,BROADENING PARTICIPATION
7486,INFORMATION PRIVACY & SECURITY
GLCH,GLOBAL CHANGE
7480,ARCHIVAL DATA ANALYSIS
7483,PHYSICS OF THE UNIVERSE
7482,BROADENING PARTIC IN COMPUTING
5656,
4373,
8266,OCEAN MARGINS STUDIES
7489,NSF-HUD PATH PROGRAM
7488,MATERIALS WORLD NETWORK
5650,GENERAL SUPPORT
J243,
2891,WORKSTATION MATCHING AWARDS
2890,CISE RESEARCH RESOURCES
1106,LIVING STOCK COLLECTIONS
1107,COMPUTATIONAL BIOLOGY ACTIVITI
1104,FIELD STATIONS
1457,COMPUTER ENGINEERING (OTHER)
1450,ENG SCIE IN ELEC,COMMU & SYSTS
1103,TECHNIQUE DEVELOPMENT
1452,POWER SYSTEMS
1101,RESEARCH RESOURCES
1458,NATIONAL NANOFABRICATION FACIL
1459,COMMUNICATIONS SYSTEMS
1108,INSTRUMENTAT & INSTRUMENT DEVP
1109,STUDIES IN SCIE,TECH AND SOCIE
4080,ADVANCED COMP RESEARCH PROGRAM
4081,SOFTWARE
4082,EXPERI ADVANC SCIEN COMP SYSTS
041P,WATERMAN AWARD
4088,HIGH PERF NETWK CONNECT-SCIENG
4089,NETWORK CENTRIC MIDDLEWARE SVC
3861,
W166,
I468,
1723,CENTERS FOR RESEARCH IN LEARNING TECHNOL
5300,BIOLOGICAL BASIS OF BEHAVIOR
8601,Reimb Covered by NSF Funds
Z031,
041E,HAZARD AND DISASTER REDUCTION
8400,DMREF
8406,
7571,DEEP EARTH PROCESSES SECTION
7570,SURFACE EARTH PROCESS SECTION
7573,BIO-RELATED MATERIALS RESEARCH
7575,INTERNAT. BIOLOGICAL DIVERSITY
7574,CYBER INFRA FOR MATERIALS RES
7577,PLANT GENOME RESEARCH RESOURCE
7579,Broadening Participation (BP)
7578,CS 10K
5720,OCEAN DRILLING PROGRAM
KX46,
7775,DEVELOP IN SCIENCE EDUCATION
7774,INNOV INSTIT INTEGRAT-ITEST
7773,Econ&Social Res Council(ESRC)
7772,NSF/NIE COLLABORATIVE PRG
7771,2-YR COLLEGE ASSESSMENT
7770,RESRCH IN SCIENCE EDUCATION
3917,
3910,
7156,GRADUATE FELLOWSHIPS - FY-86
2470,
V744,
8084,CDS&E
8085,Systems Science (SYS)
8086,Natl Robotics Initiative (NRI)
8087,Frontiers in SaTC
8080,Campus Cyberinfrastrc (CC-NIE)
8081,Failure Resistant Systems(FRS)
8082,CISE-MPS QIS Faculty Program
8083,Big Data Science &Engineering
6861,HBCU-P TIP
0418,
8088,SEES Coastal
8089,Space Weather Research
5839,
L644,
S057,
3071,
S051,
3072,
012P,IT INFRASTRUCTURE LoB
6644,
5902,SCIENTIFIC COOP WITH ASIA
8211,CyberSEES
012E,Industrial Ecology
W342,
5904,COSTA RICA
5905,ISRAEL
0300,
030F,LIGO -OPERATIONS & MAINTENANCE
030E,CONTROL SYSTEMS
3486,
4562,
4567,
WATR,WATER AND WATERSHEDS
030P,CERT & ACCRED OF IT SECURITY
2552,
2558,
8540,
2394,
7653,EXPLOSIVES & RLTD THREATS EXP
2393,
2391,
023F,GENI PROJECT
023E,STRUCTURE OF MATERIALS
5010,GEO - SPECIAL PROJECTS
5015,GENERAL SUPPORT OF OCEAN SCIEN
4896,
2802,TRUSTED COMPUTING
9148,TOOLS & TECHNOL FOR MANUFACTURING DESIGN
9149,SUPPORT SYS & EDUC FOR ADV MANUFACTURING
7979,CRI Unpooled
7978,Global Systems Science
OSIE,MULTID RSCH IN OPTI SCI & ENGI
9143,DIRECTOR'S PROJECTS
7977,CR-Water Sustainability & Clim
7976,EARS
9146,MANUFACTURING BASE RESEARCH
9147,GENERIC TECHNOL FOR MANUFACTURING CELLS
7972,Transforming Undergrad Bio Ed
7213,STC Class of 2002
4413,
1855,
2471,
2174,
5280,ARCTIC NATURAL SCIENCES
008F,EARTHSCOPE - CONSTRUCTION
2605,
2607,
J107,
V471,
J108,
4083,POST DOC RESRCH ASSOC COMP S&E
k564,
1933,SYNTHETIC ORGANIC CHEMISTRY
1932,SYNTHETIC INORGANIC & ORGANOME
1931,NATURAL PRODUCTS CHEMISTRY
1930,CHEMICAL SYNTHESIS & ANALYSIS
3265,
1936,CHEMICAL ANALYSIS
1935,REGIONAL INSTRUMENTATION FACIL
1934,SYNTHETIC ORGANIC & NAT PRODUC
3368,
1939,CHEM, U.S./U.S.S.R. ACTIV
1938,CHEMICAL INSTRUMENTATION
5120,MIN & MARINE RESORCES RES
5121,BIOLOGY (RESOURCES)
5122,EARTH SCIENCES (RESOURCES)
7944,SOFTWARE ENG & FORMAL METHODS
1659,HIGH END COMPUTING
7378,EVOLUTIONARY GENETICS
3461,
7237,NANO NON-SOLIC SCI & ENG AWD
7373,ITR-INFORMATION INTEGRATION
7372,ITR-SCIENCE OF DESIGN
7371,CYBER TRUST
7370,OPPORTUNITY FUND WORKSHOPS
7377,EVOLUTIONARY ECOLOGY
7234,SENSORS NON-SOLICITATION RESEA
7375,REVISIONARY SYSTEMATICS
7374,Systematics & Biodiversity Sci
7157,GRADUATE FELLOWSHIPS - FY-87
9192,EXPER COMPUTER SCIENCE POSTDOC
3897,DEP OF ENERGY REIMB SUPP AGREE
3365,
7940,MINORITY GRADUATE CENTERS
7155,GRADUATE FELLOWSHIPS-F.Y.85
7233,RES EXPERIENCE FOR TEACHERS(RET)-SUPPLEM
T930,
135P,NAS Study on Rsrch Univers
9197,ENVIRONMENTAL TECHNOLOGY
V276,
5308,TECHNICAL INNOVATION PROJECTS
7231,CYBERINFRASTRUCTURE
7152,GRADUATE FELLOWSHIPS FY82
102E,Quantum/high perform algorithm
H398,
7151,GRADUATE FELLOWSHIPS-FY81
V071,
9213,BRHR-INFRASTRUCTURE
H397,
H390,
H391,
H392,
7011,RESEARCH & PROB ASSESSMEN
1739,ADVANCE - LEADERSHIP
1738,ADVANCE - INSTITUTIONAL TRANSF
X306,
1731,GRAD TEACHING FELLOW IN K-12ED
9216,ADVANCED SOFTWARE TECH & ALGOR
1733,GEOSCIENCE EDUCATION
1735,MATERIALS RSCH SCI & ENG CENT
1734,NSF - EC Cooperation in Materials Res
1737,NATIONAL FACILITIES & INSTRUM
1736,MATERIALS CENTERS & EDUCATION
V203,
V381,
V380,
T200,
6909,
8268,CGP FUND, PROGRAM EXPENSES
121E,GRAD-K
1595,LARGE SCIENTIFIC & SOFTWARE DATA SET VIS
1594,HIST BLACK COLLEGES AND UNIV
6884,Chemical Catalysis
6885,Macromolec/Supramolec/Nano
1591,STTR PHASE II
6883,Chemistry of Life Processes
6880,Chemical Measurement & Imaging
6881,Theory, Models, Comput. Method
3079,
2956,
2957,
1599,HIGH-PERFORM INSTR AIR PLAT FO
V560,
2952,
5345,BIOMEDICAL ENGINEERING
5346,BIOENGINEERING IN THE ENVIRONM
7169,MINORITY GRAD FELLOWSHIPS FY89
5341,ALTERNATIVE BIOLOGICAL RESOURC
5342,Gen & Age Rel Disabilities Eng
1022,OFFICE OF MULTIDISCIP ACT-RESEARCH
7162,MINORITY GRAD FELLOWSFY82
7163,MINOR RES GRAD FELLOWS 83
7160,GRADUATE FELLOWSHIPS-FY-90
7161,MINORITY GRAD FELLOWSHIPS-FY81
7166,MINORITY GRAD FELLOWSHIPS FY86
7167,MINORITY GRAD FELLOWSHIPS-FY87
7164,MINORITY GRAD FELLS-FY-84
1037,DETERIORATION SCIENCE
M636,
Z097,
T285,
T119,
8078,INSPIRE
Z944,
4361,
1208,SENSOR INITIATIVE
4363,
4362,
1205,LABORATORY ASTROPHYSICS
8070,P2C2 Proposals
1207,OBSERVATIONAL ASTRONOMY
1206,THEORETICAL & COMPUTATIONAL ASTROPHYSICS
8075,SciSIP Infrastructure
8074,EarthCube
1203,EXPERIM PROJECTS FOR PERSONS WITH DISABI
8076,GeoPRISMS
3070,
8277,TAIWAN ROCKET (NCAR)
5640,LIVING RESOURCES
5642,
5645,
8271,LONG TERM VISITORS
8270,JAPAN-U.S. FELLOWSHIPS PROG-RE
3108,
8068,Data Infrastructure
1215,STELLAR ASTRONOMY & ASTROPHYSC
3100,ENERGY CONTINENTAL DRILLING
3101,
3102,
1111,DEVELOPMENTAL SYSTEMS CLUSTER
1446,MATERIALS
1113,PLANT SCIENCE INITIATIVE
1444,SURFACE ENGINEERING
1115,RESEARCH TRAINING
8676,Critical Elements
1441,MECHANICS
1116,EUKARYOTIC GENETICS
1119,ANIMAL DEVELOPMENTAL MECHANSMS
1118,PLANT FUNGAL & MICROB DEV MECH
1448,GEOTECHNICAL I
4093,CS NET
4092,COLLABORATIVE ACTIVITIES
144E,Synthetic biology
4090,ADVANCED NET INFRA & RSCH
4097,NETWORKING RESEARCH
4096,COMMUNICATIONS RESEARCH
4095,SPECIAL PROJECTS IN NET RESEAR
I417,
8109,ArcSEES
2005,
5730,GLOBAL ATMOSPHERIC RESEARCH
5733,POLICY RESEARCH AND ANALYSIS
8061,SCH Type I: EXP
2581,
7584,ITR-BROADENING PARTICIPATION
6523,
7582,HURRICANE KATRINA
7583,ITR-HECURA
7742,PIRE
V790,
7741,BROAD PARTIC IN ENG (BRIGE)
7746,NETWORKING AT THE EDGES (NEDG)
7747,NETWORK ECOSYSTEMS (NECO)
7744,RAHSS
7745,SCIENCE FOR CITIZENS
120E,TRAINEESHIPS
5551,SOLAR ENERGY
7748,AWARE NETWORKING (ANET)
1230,INTERMEDIATE ENERGY NUCLAR PHY
1803,
X827,
2580,
2302,
068P,INTERNSHIPS PROGRAM
033F,NEON
033E,Smart and responsive structures
8303,INDIA
114E,CENTERS: OTHER RESEARCH CENTERS
4370,
068E,DESIGN THEORY
8093,European Open Research Area
8092,Materials Eng. & Processing
8091,SBIR Outreach & Tech. Assist
8090,CIF21-IGERT
4144,NASA
4374,
S045,
042P,WATERMAN AWD. ADMIN.
5960,INTL COOP ENERGY PROGRAMS
042F,NAIC-OPERATIONS & MAINTENANCE
093E,System fab/packaging & assembly
093F,ReStar
042E,HAZARD AND DISASTER RESPONSE
7469,ITR-HEC
1567,MANTLE GEOCH,SPEC PROJECT
T701,
042p,
6650,INFORMATION SCIENCE
Y580,
W352,
5919,INDIA (COOPERATIVE SCIENCE)
5918,FRANCE
5915,EASTERN EUROPE, OTHER
5914,WESTERN EUROPE, OTHER
5917,ROMANIA
5916,HUNGARY
5911,ARGENTINA
5910,COOPERATIVE SCIENCE PROGRAM
5913,BRAZIL
5912,AUSTRALIA
0119,
6385,
6387,
6386,
4556,
4553,
1454,SYSTEMS THEORY
500P,Women in Science
1455,QUANT ELECTRON,PLASMA& ELECTRO
K563,
K561,
1456,SOLID-STATE&MICROSTRUCTURE RES
K564,
K565,
2383,
0750,
2384,
0104,
2389,
1102,BIOLOGICAL FACILITIES
1451,AUTO, INSTRUMENT & SENSING SYS
9155,ACADEMIC RESEARCH INFRASTRUCTU
075E,QUALITY & MAINTENANCE SYSTEMS
9157,ACADEMIC RESEARCH INSTRUMENTAT
9156,ENVIRONMENTAL CHEMISTRY
9151,EPSCOR OUTREACH
9150,EXP PROG TO STIM COMP RES
9153,ENVIRON CONSCIOUS DESIGN AND MANUFACTURI
9152,EDUCATION PROGRAM EVALUATION
3588,
1453,COMMU SYSTEMS & SIGNAL PROCESS
9159,DDF - DISTRIBUTED DESIGN AND FABRICATION
7300,TEACHER ENHANCEMENT PROGRAM
7908,Teaching & Mstr Tchng Fellows
7909,BIOSENSING
075P,QEM WKSHP (CAREER)
I241,
7901,DMSS
7902,PSCE
7903,EHCS
7904,UBM
7905,MPS SUST ENERGY SCI
7906,PRISM
7907,NSCC
011P,HRLoB
1848,
J218,
1843,
7305,BE-UF: WATER CYCLE
1847,
125P,ASSESSMENT OF STC PROGRAM
3677,
1942,UNIMOLECULAR PROCESSES
011E,Nano environmental health & safety
9551,NIH REIMB SUPPORT AGREEMENT
V865,
1940,ORGANIC DYNAMICS
6078,
2617,
2615,
7309,IMR-MIP, DMR
9735,
1946,ORGANIC SYNTHESIS
9280,HIGH TEMP SUPERCONDUCTIV INITI
7346,LEADERSHIP ACTIVS FOR PRECOLLE
7347,URBAN SYSTEMIC PROGRAM
7344,NATIONAL NANOTECH INFRASTRUCTURE NETWORK
7345,PRES AWARDS FOR EXCEL IN SCIEN
7342,UGANDA
9283,MINORITY POSTDOCT. FELLOWSHIPS
7340,RESOURCE PERSONNEL WKSPS
7341,OMAN
3294,
5136,SCIENCE SUPPORT
3257,
3290,
5132,ADVISORY SVCS (U.S.ANTARCTIC)
7348,TEACHER PREPARATION PROGRAM
5130,ANTARCTIC COORDINATION & INFOR
3450,
X250,
ECDM,ENVIRO CONS DESIGN & MANU INIT
V205,
T690,
T699,
T698,
V282,
4618,
7008,PUBLIC UNDERSTAND SCIENCE
H389,
H387,
7005,ETHNIC MINORITIES & WOMEN
7007,LITERACY SEC SHL PROG
7006,ELEMENTARY SCHOOL PROJECT
Z408,
5882,
5223,AGILE MANUFACTURING INITIATIVE
5222,MARINE ECOSYSTEMS STUDIES
5221,ARCTIC SOCIAL SCIENCES
5220,GEODESY & CARTOGRAPHY RESOURCE
5881,
5225,CYBERINFRASTRUCTURE & SENSORS
7460,ALTS IN HIGH ED-FOR EN SC
V916,
V918,
1554,SEISMOLOGY
7306,BE-UF: CARBON CYCLE
147E,Wind&Misc. sustainable energy
Y417,
T815,
7175,MINORITY GRADUATE FELLOWSHIPS
7174,POSTDOC FELLOW IN SCI, MATH EN
6893,ULTRA EXPLORATORY AWARDS
6892,CI REUSE
6895,Digitization
7170,MINOR GRAD FELLOWSHIPS-FY-90
6897,AGS
7172,GRADUATE RESEARCH FELLOWSHIPS
6899,OCE
6898,EAR
2945,
7179,GRAD TEACHING FELLOWS IN K-12
7307,BE-UF: BIOGEOSCIENCES
1050,MPS-INT COUNCIL OF SCIENCE UNS
1051,BIOLOGICAL PHYSICS
LX24,
1053,GLOB LEARN & OBSER TO BEN ENVI
1054,COLLAB RESRCH INIT IN NEURO, COMP, & ENG
1055,INTERFACES TO SUPERCONDUCTORS
1056,PARTNERSHIPS IN TAXONOMY
1057,CIS BASE RESEARCH
1058,COMPOSITE AND HYBRID STRUCTURES
1059,SENSORS AND SENSOR SYSTEMS FOR CIS
2225,
M627,
1697,OPPORT FOR ENHANCING DIVERSITY
1694,BE: INSTRUM DEVELOP FOR ENV AC
1695,MPS Dist Inter PostDoc Fellow Pro
1692,BE: COUPLED BIOGEOCHEMICAL CYC
1693,ENVIRONMENTAL GENOMICS
1690,EDUCATION/HUMAN RESOURCES,OCE
1691,DYN COUPLED NATURAL-HUMAN
X325,
2378,
127E,CENTERS: ENERGY
1698,DEVELOP& LEARNING SCIENCES/CRI
1699,COGNEURO
1278,INTERMEDIATE ENERGY
1279,OTHER PHYSICS
169E,SBIR Tech Enhan Partner (TECP)
1270,MATHEMATICAL SCIENCES-RESERVE
1271,COMPUTATIONAL MATHEMATICS
1272,ELEMENTARY PARTICLE PHYSICS
1273,NUCLEAR
1274,GRAVITIONAL PHYSICS
1275,THEORET-ELEMENTARY PARTIC
1276,OTHER THEORETICAL
1277,PLASMA PHYSICS
2468,
8248,SusChEM
8249,Sustainable Materials
105E,RF/Microwave & mm-wave tech
H159,
8243,TRANS TO QUAL ORG PROG-PROGRAM
8240,INTERNATIONAL PHASE OF OCEAN D
8241,GEMINI TELESCOPES-CONSTRUCTION
H152,
8244,EHR CL Opportunities (NSF 14-302)
078F,SRC - OPERATIONS & MAINTENANCE
078E,ENTERPRISE DESIGN & LOGISTICS
3119,
J265,
3116,
3114,
3113,
3111,
1472,OCEAN ENGINEERING SYSTEMS
1473,STRUCTURES I
1470,GENERAL CIVIL ENGIN-RESERVE
1471,GEOTECHNICAL ENGINEERING
1476,SOFTWARE SYSTEMS DESIGN
1477,VISION,ROBOTICS,&KNOWL BAS SYS
1474,NAT & MAN-MADE HAZARD MITIGATI
1475,COMPUTER SYSTEMS ARCHITECTURE
8645,
8640,
1304,EARTH SYSTEM HISTORY
1305,ECOLOGICAL DIVERSITY
1306,ECOLOGICAL RATES OF CHANGE
1307,GEOSYSTEM DATABASES
8422,
1301,SOCIAL & ECONOMOC SCIENCE-RES
1302,ANTARCTIC ECOSYSTEMS
1303,CLIMATE MODELING & PREDICTION
1308,GLOBAL OCEAN ECOSYSTEMS DYNAMICS
1309,GLOBAL TROPOSPHERIC CHEMISTRY
5740,CLIMATE & LARGE-SCALE DYNAMICS
T967,
5743,
092E,Control systems & applications
043E,EARTHQUAKE ENGINEERING
2591,
5586,SYSTEMS ANALYSIS
5584,DISTRIBUTION AND EQUITY
5585,REGIONAL PRODUCT RESEARCH
5582,PUBLIC SECTOR PRODUCTIVTY
5583,PUBLIC POLICY
5580,CONSUMER POLICY
5581,STPI
7594,AMS FACILITY
7593,FIELD STATIONS AND MARINE LABS
5589,RENEWBLE RES,US/USSR ACTV
7759,HC & RCC
7758,TERRESTRIAL & MARINE ECOSYS
7754,CLIMATE VARIABILITY & CHANGE
7757,LAND USE/LAND COVER
7756,CARBON CYCLE
7751,CDI TYPE II
7750,CDI TYPE I
7753,ATMOSPHERIC COMPOSITION
7752,CDI NON SOLICITED RESEARCH
1069,COLLABORATIVE RESEARCH OPPORTUN IN CISE
5309,ELEC,COMP& SYS ENG-APP RE
075F,CHESS
2599,
7470,NEES OPERATIONS
2452,
W295,
9900,INTERIOR REIMB SUPPORT AGREEMT
Y139,
1707,ADVANCED LEARNING TECHNOLOGIES
3335,
3189,
5692,
130E,CENTERS: MICRO/OPTO ELECTRONICS
3264,
3844,
3849,
7270,ENVIRONMENTAL SCIENCES EDUCATION
8670,
074F,NHMFL-OPERATIONS & MAINTENANCE
074E,PERF ANALYSIS & RELIABILITY
5303,PHY,MATH,&ENG-CHEMISTRY
021E,Water management
5304,PHY,MATH&ENG APPL-MAT RES
5305,BIOLOG & ECOLOG APPL (BS&R)
5306,MINERAL PROCESSES
7912,PROBLEM ASSESSMENT
5307,RENEWABLE MATERIALS-ENGINEERNG
0699,
0698,
5098,
6665,
5969,SUPPORT OF INTN'L ORGANIZATINS
010E,DISABILITY RES & HOMECARE TECH
010F,ATLAS - OPERATIONS & MAINTENAN
5964,EAST ASIA PACIFIC SCIEN, OTHER
5965,U. S. - HUNGARY JOINT FUND
5966,U.S. MEXICO FOUNDATION
2289,
0109,Director's Awards
3660,
2280,
2281,
2282,
2285,
0102,
032E,SENSORS AND ACTUATORS
K576,
1525,PHYSICAL & DYNAMIC METEOROLOGY
069E,ENVIRON BENIGN DESIGN & MFG
2579,
2577,
2570,
0746,Presidential Management Fellow
Y049,
0212,
0215,
0216,
0219,
124E,CENTERS: BIOENG & HEALTH CARE
2377,
2373,
9120,CROSS-DIRECTORATE PROGRAMS
X871,
3591,
9123,SOCIAL & ECONOMIC DIMENSIONS OF BIOTCHNL
9124,BIOTECHNOLOGY RESEARCH FACILITIES
9125,BIOTECHNOLOGY TRAINING & CAREER DEVLPMNT
9126,BIOTECHNOLOGY INSTRUMENTATION
9127,BIOTECHNOLOGY REPOSITORIES
9128,CE21 Type II
9129,BIOTECHNOLOGY DATABASES
3599,
3598,
1085,CISE COUNCIL NATIONAL PESQUISAS CNPq
5031,
7918,CYBER-PHYSICAL SYSTEMS (CPS)
1870,
1871,
7913,PREM
8237,CISE Interagency Agreements
7911,SRS SURVEY
7910,TECH & SYSTEMS
7917,NetS RESEARCH RESOURCES
7916,EAGER
7915,Ethics & Values of SET
7914,RAPID
2118,
V709,
6044,
2112,
8600,US/SPAIN PROG 1973
2620,
2621,
1124,ECOSYSTEMS STUDIES
2629,
1125,BIOLOGICAL RESEARCH RESOURCES
7351,THEORETICAL FOUNDATIONS (TF)
GEDI,GRADUATE EDUCATION INITIATIVE
7353,EMERGING MODELS & TECHNOLOGIES
7352,COMPUTING PROCESSES & ARTIFACT
9238,CENTER EHR OUTREACH ACTIVITIES
9239,MATERIALS CHEMISTRY
7357,PRIVATE SECTOR PARTNERSHIPS
7356,SCIENCE & MATH EDUCATION NETWR
7359,COMPUTING RES INFRASTRUCTURE
1910,CHEMICAL DYNAMICS
9236,CHEMISTRY OF LIFE PROCESSES
5101,OUTREACH AND EDUCATION
5106,ENVIRONMENTAL RESEARCH
9231,SUPPL FOR UNDERGRAD RES ASSIST
9232,RES OPPOR AWARDS(ROA) (SUPPLEM
1916,STRUCTURAL CHEMISTRY
3449,
1913,CHEMICAL PHYSICS
3443,
I189,
2024,
2757,
2027,
2020,
2021,
2028,
3145,
095E,Photonic integration
168E,SBIR/STTR/ERC Collab (SECO)
7279,SCIENCE OF LEARNING CTRS-OTHER
5216,POLAR GLACIOLOGY (ARCTIC RSCH)
5217,GEODESY & CARTOGRAPHY(ARCTIC R
5214,METEOROLOGY (ARCTIC RESEARCH)
5215,POLAR AERO & ASTROPHY (ARCTIC
5212,POLAR EARTH SCI (ARCTIC RES)
5213,POLAR OCEAN SCI (ARCTIC RES)
104E,MEMS/NEMS
5211,POLAR BIO & MEDIC ARCTIC RES
5218,ADVANCED SYS APPLI(ARCTIC RES)
5219,ARCTIC SYSTEM SCIENCE PROGRAM
6872,INNOV INSTIT INTEGRAT-HBCU-UP
Z141,
V453,
X687,
8920,
X688,
7283,INTERDISCIPLINARY MATH
7638,SBE INSTRUMENTATION AWARDS
7100,YOUNG SCHOLARS PROGRAM
7639,IRES
6868,SBE COMPLEXITY
6869,US/IRELAND R & D
3059,
6864,MICROBIAL SYS IN BIOSPHERE
6865,MPS & SOCIETY
6866,BIO & SOCIETY
6867,INFRASTRUCTURE
6860,HBCU-UP ERP
2977,
3050,
6863,SEBML-MOORE'S LAW
1043,ENVIRONMENTAL GEOCHEMISTRY
5363,ENVIRONMENTAL CYCLES OF ELEMEN
1041,INST EFFECTIVENESS AND PRODUCTIVITY
1047,MATHEMATICS CURRICULUM INITIATIVES
1046,CHEMISTRY CURRICULUM INITIATIVES
1045,CAREER: FACULTY EARLY CAR DEV
1044,ACTIVE TECTONICS
1049,INDUSTRY-UNIV COOPERATIVE RSCH PROJECTS
5369,TELECOMMUNICATIONS RESEARCH
X358,
1680,OCEAN TECH & INTERDISC COORDIN
1683,POSTDOCTORAL STARTER GRANTS
1682,NANO SCI AND ENG - MPS CORE AW
1685,NNCO ACTIVITIES
1684,THE 2010 PROJECT
1687,ITR MEDIUM (GROUP) GRANTS
1686,ITR SMALL GRANTS
1689,BIOCOMPLEXITY IN THE ENVIRONMENT
7355,INSTRUCTIONAL MATERIALS DEVELP
X353,
T463,
7354,COMPUTER SYSTEMS
7499,AFGHANISTAN
4302,
1269,STATISTICS
1268,FOUNDATIONS
8252,NATO DONATIONS FOR FELLOWSHIPS
1263,PROBABILITY
1262,MODERN ANALYSIS
1261,CLASSICAL ANALYSIS
1260,INFRASTRUCTURE PROGRAM
1267,TOPOLOGY
1266,APPLIED MATHEMATICS
1265,GEOMETRIC ANALYSIS
1264,ALGEBRA,NUMBER THEORY,AND COM
3287,
1722,INFORMATION TECHNOLOGY FOR CRIME PREVENT
7358,URBAN SYSTEMIC INITIATIVE PROG
3020,
T488,
5100,US ANTARCTIC PROGRAM
8785,
9237,SMALL GRANTS-EXPLORATORY RSRCH
7618,ACAD FOR YOUNG SCIENTISTS
7619,EQUIPMENT ACQUISITIONS
7614,STCs - 2006 CLASS
1915,EXPERIMENTAL CHEMICAL PHYSICS
7616,SECON SCHOOL STUDENT TRAI
7617,UNDERGRAD STUDENT PROJECT
7611,GEO TEACH
7612,SPECIAL PROJECTS (SCIENCE EDUC
1914,INORGANIC CHEMICAL DYNAMICS
131E,CENTERS: NANOSCIENCE & TECH
1468,Manufacturing Machines & Equip
1465,PRODUCTION SYSTEMS
8650,Sustainable Chemistry
8653,INSPIRE Track-1 (Creativ)
1466,SOLID-STATE & MICROSTRUCTURES
1460,SCIE BASE DEV IN DESIGN,MANUFA
1463,INTEGRATION ENGINEERING
8656,INSPIRE Director's Awards
1317,METHODS FOR INTEGRATED ASSESSMENTS
1316,LAND-MARGIN ECOSYSTEMS RESEARCH
1315,JOINT GLOBAL OCEAN FLUX STUDY
1314,INSTITUTES FOR GLOBAL CHANGE
1312,GREENHOUSE GAS DYNAMICS
1311,LINGUISTICS
1310,ANTHROPOLOGY
146E,Solar energy
1319,RIDGE INTERDISC GLOBAL EXPERIMENTS
1318,POLAR OZONE-UV RADIATION EFFECTS
6446,
5750,MAGNETOSPHERIC PHYSICS
5757,TECHNOLOGY & RESOURCE POLICY
5756,PRODUCTIVITY IMPROVEMENT RESEA
5754,SCIENCE & INNOVATION POLICY
7286,BIOCOMPUTATION
5759,POLICY SCIENCES
5758,SPECIAL REPORTS & PROJECT
5591,NONCONVENTIONAL FOODS
5590,INNOVATIVE BIOSYNTHESIS
5593,MINERAL MARKET BEHAVIOR
5592,BIOMASS UTILIZATION
5595,MINERAL PROCESSING TECHNOLOGY
5594,RESOURCE DEVELOP & CONSER
5597,EARTHQUAKE HAZARDS MITIGAT DES
5596,EARTHQUAKE HAZDS MITIGAT-SITIN
5598,SOCIETAL RESPONSE RESEARCH
7728,PASI
7285,INTEGRATED CARBON CYCLE RESEAR
7720,CEIN
7721,FROM DATA TO KNOWLEDGE
7722,COMPLEXITY
7723,EXPERIMENTAL EXPEDITIONS
7724,SOFTWARE FOR REAL-WORLD SYSTMS
7725,CDI-VIRTUAL ORGANIZATIONS
7726,DATANET
7727,IRES
1234,NUCLEAR PRECISION MEASUREMENTS
059E,Complex fluids
1235,NUCLEAR SCIENCES
3945,
8660,
8043,System Design and Simulation
8329,EGYPT
035E,NOISE, ACOUSTICS, VIBRATIONS
6700,INFORMATION TECHNOLOGY
X630,
1231,FACILITIES
8046,I-Corps - Sites
2025,
4123,
8047,Veterans Involvement
4125,
7434,CNCI
4196,
7436,DIGITAL LIBRARIES
7437,CENTRES FOR OCEAN SCI EDU EXCE
7430,UNDERGRAD FACULTY ENHANC PROGR
7431,CCLI - ASA
7432,AMISR
7433,CyberInfra Frmwrk 21st (CIF21)
5686,
5681,
7439,Comp Ed Res (CER)
L634,
4192,
091P,BUSINESS MGMT SVCS (RES.GOV)
4705,CWF NBS 1081 75-7
6676,
1333,METHOD, MEASURE & STATS
091E,Light generation & detection
2832,CURRICULUM ACTIVITY
4050,COMP & INFORM SCIE & ENG-RES
V173,
5979,Europe and Eurasia
5978,EAST ASIA AND PACIFIC PROGRAM
2691,
L520,
5973,FSU SUPPLEMENTS
5972,RSRCS STUDIES & ASSESSMNT
5971,SCIENTIFIC ORGANIZATIONS
5970,SCIENTIFIC ORGS & RESOURCES PR
5977,AMERICAS PROGRAM
5976,AFRICA, NEAR EAST, & SO ASIA
5974,CHILE
1919,STRUCTURAL CHEM & THERMODYNAMS
3613,
2291,
2290,
2296,
V427,
7339,COMPUTER VISION
1918,CHEMICAL THERMODYNAMICS
2569,
012F,CMS - OPERATIONS & MAINTENANCE
2561,
2560,
1048,COMBINED RES-INDUST SCHOLORSHIP PROJECT
Y851,
2368,
T707,
5041,
2361,
7926,ALGORITHMS
7927,COMPLEXITY & CRYPTOGRAPHY
7924,MEDIUM PROJECT
7925,LARGE PROJECT
0000,UNASSIGNED
7923,SMALL PROJECT
9135,MINORITY RESEARCH INITIATION
077E,SIMULATION MODELS
7298,COLLABORATIVE RESEARCH
7299,Catalyzing New Intl Collab
9139,INFORMATION INFRASTRUCTURE & TECH APPL
9138,CAREER ADVNCMT AWDS-MINORITIES
5024,
7928,QUANTUM COMPUTING
7929,COMPUTATIONAL GEOMETRY
1862,
4444,INTERDISCIPLINARY PROPOSALS
1866,
3724,
3727,
DHCI,DATABA & DATA ACC FOR HU CAP
5579,PUBLIC POLICY & DISADVANT
017P,FEDERAL AUDIT CLEARINGHOUSE
1613,PHYSICAL LIMNOLOGY
6055,
V059,
2100,INSTITUTIONAL GRANTS SCI
017E,Cellular and Tissue Engineering
017F,EARTHSCOPE-SCIENCE UTILIZATION
5115,Antarctic Astrophys&Geosp Sci
5114,METEOROLOGY (US ANTARCTIC RES)
5117,GEODESY & CARTOGRAPHY(US ANTAR
5116,ANTARCTIC GLACIOLOGY
5111,ANTARCTIC ORGANISMS & ECOSYST
5210,ENVIRONMENTAL RES (ARCTIC RES)
5113,ANTARCTIC OCEAN & ATMOSPH SCI
5112,ANTARCTIC EARTH SCIENCES
2636,
2630,
V113,
5571,PUBLIC SECTOR TECHNOLOGY
9229,RES IN UNDERGRAD INST-RESEARCH
9228,UNDERGRAD. COLL SUPP- RESEARCH
9227,PRESID. YOUNG INVESTIGATORS
9226,INDO-US SCIENCE & TECH IN
9225,VISITNG PROFESS FOR WOMEN
9223,ENVIRON BENIGN CHEMICAL SYNTH & PROCESS
9222,CAREER ADVANCEMENT AWARDS FOR WOMEN
9221,RESEARCH PLANNING GRANTS FOR WOMEN
9220,RES OPPORTUNITIES FOR WOMEN
1537,ENRICHMENT COURSES
V592,
X235,
1240,ATOMIC,MOLECULAR,&OPTICAL PHYS
108E,Bioelectronics
4593,
2035,
1534,HBCU
2746,
1533,CAREER WORKSHOPS
4846,
L122,
3483,
2039,
1246,NUCLEAR THEORY
T906,
5201,ARCTIC RESEARCH PROJECTS
5200,ARCTIC RESEARCH PROGRAM
5203,EARTH SCIENCES-TOT(ARCTIC RES)
5202,ARCTIC RES & POLICY SUPPORT PR
5205,ARCTIC RESRCH SUPPRT & LOGISTI
5204,GENERAL ARCTIC RESEARCH SUPPRT
5207,DDOP:SEED FUNDS
5209,ENVIR SOCIAL & BEHAVIOR SCIENC
5208,ARCTIC RESEARCH AND EDUCATION
3525,
3544,
4061,NETWORKING PROGRAM
7322,HSD - DEC, RISK & UNCERTAINTY
1619,Bacterial Artificial Chromosomes
3548,
X072,
1964,INORGANIC, BIOINORGANIC & ORGN
8910,
W513,
1614,SURVEY METHODS
1788,NANOMANUFACTURING
2966,
2960,
1780,SPECIAL PROJECTS (MATERIALS RE
7328,ICSU
1782,SYNCHROTRON RADIATION FACILITY
T010,
141E,Plasmonic nanostructures
1786,MANFG ENTERPRISE SYSTEMS
1787,SERVICE ENTERPRISE SYSTEMS
3049,
V335,
7111,SCIENCE ED FOR PRE-COLLEG
1610,PHYSICAL OCEANOGRAPHY
6879,STRUCTURE, DYNAMIC & MECHANISM
6878,Chemical Synthesis
6877,ALGORITHMS IN THREAT DETECTION
6876,MULTI-SCALE MODELING (MSM)
6875,EMERG TOPICS BIOGEOCHEM CYCL
3042,
3045,
3044,
I411,
1078,AWARDS TO FACILITATE GEOSCIENCE EDUCATIO
1079,ARCTIC RESEARCH
1076,PECASE-award
5374,MANAGEMENT OF TECHNOLOGY PRGM
1074,K-12
1075,LIFE IN EXTREME ENVIRONMENTS
5371,SMALL BUSINESS PHASE I
1073,HIGHER EDUCATION
1070,INTERNATIONAL CONTINENTAL DRILLING PROG
1071,HUMAN LANGUAGE RESOURCES
109E,Sys theory in biology & medicine
X528,
1678,ASTRNMY & ASTRPHYS RES GRANTS
1679,INTERNATIONAL COORDINATION ACT
1674,NANOSCALE: INTRDISCPL RESRCH T
1675,NANOSCALE: SCIENCE & ENGIN CTR
1676,NANOSCALE: EXPLORATORY RSRCH
T472,
1670,CHEMICAL OCEANOGRAPHY
1671,OCEANIC CHEMISTRY
1672,HYDROCHEMISTRY
1673,EL NINO SOUTHERN OSCILLATION
1094,POLICY SCIENCES
1095,TERRESTRIAL ECOLOGY FOR GC (TECO)
1096,NEURAL SYSTEMS
1097,DIVERSITY: ROLE IN ECOSYSTEMS
8225,SaTC Special Projects
1092,SBER HUMAN CAPITAL INITIATIVE
1093,HDGC RESEARCH CENTERS AND TEAMS
3826,
167E,SBIR I/UCRC Membership
1912,ORGANIC CHEMICAL DYNAMICS
1099,NSF/EPA JOINT COMPETITION
T708,
5182,SAFETY, ENVIRONMENT, & HEALTH
3136,
107E,Magnetics and spin electronics
7609,IUCRC FUNDAMENTAL RESEARCH
7608,PREM
7607,Engy, Pwr, Ctrl, Ntwks (EPCN)
7606,FUTURE INTERNET DESIGN (FIND)
7605,PLANETARY BIODIVERSITY INVENT
7604,NANOSIMULATON GROUPS/NETWORK
7603,SCIENCE, TECH & SOCIETY
7602,INFORMATION INTEGRATION
7601,NAT NANOTECHNOLOGY INFRAST NET
1418,MINERALS & PRIMARY MATS PROCES
1419,ENG, U.S./U.S.S.R. ACTIVI
4643,
1410,ENG SCI IN CHEM,BIOCHEM & THER
1411,CHEMICAL & BIOCHEMICAL SYSTEMS
1412,HEAT TRANSFER
1413,ENGINEERING ENERGETICS
1414,INTERFAC PROCESSES & THERMODYN
1415,PARTICULATE &MULTIPHASE PROCES
1416,KINETICS,CATALYSIS&REACTION EN
1417,CHEMICAL & BIOLOGICAL SEPAR
1322,SEA LEVEL CHANGES
1323,SOLAR INFLUENCES
1320,ECONOMICS
1321,DECISION RISK & MANAGEMENT SCI
1326,WORLD OCEAN CIRC EXPERIMENTS
1327,SBE INSTRUMENTATION
1324,CLIMATE VARIABILITY AND PREDICTABILITY
1325,WATER & ENERGY: ATMO, VEG, EARTH
7293,DISASTER RESPONSE TEAMS
1329,PLANT GENOME RESEARCH PROJECT
I362,
037F,OCEAN OBSERVATORIES INITIATIVE
6900,ECONOMICS OF INFORMATION
4202,UPPER ATMOSPHERIC FACILITIES
4203,CLIMATE SIMULATION LAB AT NCAR
4200,NAT CENTER FOR ATMOSPHERIC RES
5762,PUBLIC SECTOR UTILIZATION
5763,EXP DESIGN & EVALUATION
5760,EXPER R&D INCENTIVES PRGM
5761,INDUSTRY/UNIV COOP RES CENTERS
090E,Chem/Bio and Physical Diagnostics
1917,THEORETICAL CHEMICAL PHYSICS
7294,SCIENCE & ENGINEERING INFORMAT
5566,ENVIRON, LEGAL, & INSTIT
5560,ENERGY CONVERSION
5561,ENERGY RESOURCES
5562,ENERGY FUEL & TRANSPORTA.
5563,AUTO PROPULSION RESEARCH
1524,ATMOSPHERIC CHEMISTRY
1257,MID-SCALE INSTRUMENTATION
1526,INSTITUTION-WIDE REFORM PROGRAM
1255,INDIANA UNIV (CYCLOTRON FACIL)
1252,LIGO RESEARCH SUPPORT
1253,OFFICE OF MULTIDISCIPLINARY AC
1522,PHYSICAL METEOROLOGY
1523,SOLAR-TERRESTRIAL
7732,CIMBS
7731,OTHER GLOBAL LEARNING & TRNING
7737,CHEMISTRY NHMFL
1529,LOWER ATMOSPHER OBSER FACILITI
7735,NANO EHS CORE
7734,NANO CTR FOR LEARN & TEACHING
152E,Cyber-Physical Systems
3959,
125E,CENTERS: CIVIL INFRASTRUCTURE SYS
7295,GEOBIOLOGY & LOW TEMP GEOCHEM
1627,EXPLOR RESRCH ON ENG THE TRANSPORT INDUS
j148,
3955,AIR FORCE REIMB SUPP AGREEMENT
5187,ENVIRONMENT
4110,NASA
4111,
2255,
4118,NASA
2254,
7296,SENSOR SMALL TEAMS (SST)
T980,
9175,POST-DOCTORAL FELLOWSHIPS
Y443,
7427,CCLI-EDUCATIONAL MATERIALS DEV
7426,CCLI-ADAPTATION AND ADOPTION
7425,COLLEGE FACULTY SHORT COURSES
7424,FACULTY RESEARCH PARTICIP
7423,Energy collection & storage
7422,SCIENCE FAC PROF DEV-FELL
H194,
132E,CENTERS: SENSING & INFO SYS
2250,
7429,CCLI-NATIONAL DISSEMINATION
7428,CCLI-ADAPTATION AND IMPLEMENTA
2477,
7297,SENSOR INTERDIS RESEARCH GROUP
M193,
2476,
076E,SERVICE ENTERPRISE SYSTEMS
076F,CHESS-OPERATIONS & MAINTENANCE
6600,BEHAVIORAL ASPECTS OF INFO TRA
2972,
3057,
076P,MRI ENHANCEMENT EVAL.
5946,UNITED KINGDOM
5947,BELGIUM
5944,EGYPT (COOP SCIENCE)
SMET,SCIENCE, MATH, ENG & TECH EDUCATION
5942,KOREA
5943,PAKISTAN (COOPERATIVE SCIENCE)
5940,TURKEY
5941,NEW ZEALAND
3052,
4068,ADV SCIENTIF COMPUTING SPEC PR
016P,CFO COUNCIL INTERAGENCY
5948,NETHERLANDS
3053,
5780,R&D ENERGY POLICY PROGRAM
6862,HBCU-UP IMP ACE
2975,
016F,EARTHSCOPE-OPERATIONS & MAINTE
016E,POLLUTION AVOIDANCE
7417,S AND T HIGH-END COMPUTING
3603,
3529,
5152,ENVIRONMENTAL COORDINATION ACT
058E,Newtonian fluids
3606,
X047,
5360,INTEGRATED BASIC RESEARCH
034E,Dynamical systems
W415,
7418,COURSE & CURRICULUM-ENGINEERNG
5367,PLANT PRODUCTIVITY
H186,
5364,POPULATION REDISTRIBUTION
5365,MINERAL RESOURCES
W134,
2983,
2359,
048F,NSO - OPERATIONS & MAINTENANCE
3344,
0765,
0764,
5368,SUBSTITUTE MATERIALS
7931,COMPUTATIONAL BIOLOGY
7282,Midscale Physics Projects
7933,NUM, SYMBOL, & ALGEBRA COMPUT
7932,COMPUT GAME THEORY & ECON
7935,COMM & INFORMATION THEORY
7934,PARAL/DISTRIBUTED ALGORITHMS
9108,CLB-Non-Career
7936,SIGNAL PROCESSING
9106,BIOPROCESSING
9107,BIOELECTRONICS AND BIONETWORKS
9104,ENVIRONMENTAL BIOTECHNOLOGY
9105,INTELLIGENT CONTROL INITIATIVE
9102,WOMEN, MINORITY, DISABLED, NEC
9103,NSF COLLABS FOR EXCELL IN TEACHER PREPAR
9100,UNDIST PANEL/IPA FNDS-PLNT GEN
9101,Chem Struct,Dynmcs&Mechansms A
1898,
7974,GRAD RESEARCH SUPPLEMENT
5189,HEALTH
9140,Career Life Balance
3730,
1681,ADVANCE - FELLOWS
9141,RES IN UNDERGRAD. INST - EQUIP
7451,NSEE CORE
7970,Combinatorics
1442,CONSTRUCTION AND INFRASTRUCTUR
9145,SPECIAL PROGRAMS-RESERVE
2649,
2641,
V104,
V101,
X350,
9218,BASIC RESEARCH & HUMAN RESORCS
9219,POSTDOCTORAL FELLOWSHIPS IN MATH SCIENCE
1688,ITR LARGE GRANTS
7186,MICROBIAL BIO STARTER GRANT
X592,
9217,NATNL RESERCH & EDUCAT NETWORK
9215,HIGH PERFORMANCE COMPUTING SYSTEMS
I168,
001P,GRANTS.GOV
3423,
X756,
H332,
T508,
9234,PR YOUNG INV/RES IN UNDGR INST
001E,Air pollution
2006,
001B,Big Pitch
4859,
4858,
4851,
4582,
6961,
T648,
166E,SBIR Phase IICC
T489,
T716,
9235,RESEARCH ON TEACHING & LEARNIN
2852,COMPUTER SCIENCE NETWORK ACTIV
4300,NAT OPT ASTRONOMY OBSERVS-NOAO
106E,Mixed signal technologies
3557,
3556,
3553,
MANU,MANUFACTURING
3551,
3558,
Z464,
8625,
8905,
8900,
UNKN,Primary initiative not assigned
1798,
I355,
1793,MSP-OTHER AWARDS
1792,MSP-TARGETED AWARDS
1791,MSP-COMPREHENSIVE AWARDS
1790,STC CENTERS-ESTABLISHED
1797,DOCTORAL HBCU RSRCH CAPACITY
1796,STEM TALENT EXPANSN PGM (STEP)
1795,ROBERT NOYCE SCHOLARSHIP PGM
1794,BE-MAT USE:SCIENCE,ENG&SOCIETY
3284,
6840,ROBOTICS
6846,UNIVERSAL ACCESS
6845,HUMAN COMPUTER INTER PROGRAM
X376,
1068,MONGOLIA
X374,
X375,
1061,VIETNAM
5301,PHY, MATH & ENG APPLIC-COMP SC
1063,METABOLIC ENGINEERING INITIATIVE
1062,BASIC PLASMA SCIENCE & ENGINEERING
1065,TECH RELEVANT TO NEXT GENRATION VEHICLES
1064,URBAN INFRASTRUCTURE
1067,SMALL PACIFIC ISLAND NATIONS
1066,SOUTH AFRICA
5959,JAPAN INITIATIVE PROGRAM
7955,CIGIE ASSESSMENT
X570,
1669,SMALL GRANTS FOR PRELIMINARY RESEARCH
1668,FED CYBER SERV: SCHLAR FOR SER
1667,HIGH CONFIDENCE SYSTEMS
1666,RESEARCH ON LEARNING & EDUCATI
1665,RESEARCH ON LEARNING & EDUCATI
1664,RESEARCH COORD NETWK IN BIO SC
1663,NEARBY STARS (NSTARS)
1662,PARTNRSHIPS FOR INNOVATION-PFI
1661,ITR COMPETITION FOR OVER $500K
1660,ITR COMPETITION FOR UNDER $500K
1087,INTERNET TECHNOLOGIES
1086,DIGITAL LIBRARIES INITIATIVE
153E,Wireless comm & sig processing
1084,NANOTECHNOLOGY INITIATIVE
1083,DOMAIN NAME FUNDS
1082,AWARDS FOR THE INTEG OF RSCH
1081,CIRE OPPORTUNITY FUND
1080,EVOLUTION OF DEVELOP MECHANISM
1089,MICRO OBS & MICRO INTER & PRO
1088,CISE RESEARCH INFRASTRUCTURE
3140,
3141,
3143,
3144,
2829,COM APP,U.S./U.S.S.R. ACT
3146,
2824,NETWORKING FOR SOCIETY
2820,COMPUTER APPL IN RESEARCH
2822,SOFTWARE ENGINEERING
2823,INTELLIGENT SYSTEMS
5414,INSTRUMENTATION DEVELOPMENT
5415,OCEANOGRAPHIC TECHNICAL SERVCE
5416,SHIPBOARD SCIENTIFIC SUPP EQUI
5417,SHIP ACQUISITION AND UPGRADE
5410,INTEGRATIVE SECTION RESERVE
5411,SHIP OPERATIONS
5412,SUBMERSIBLE SUPPORT
5413,OCEANOGRAPHIC INSTRUMENTATION
7632,HUMAN-ROBOT INTERACTION
7633,EFRI RESEARCH PROJECTS
7630,ETHNIC MIN.-COLLEGE PROJ.
7631,ITR-NeTS
5418,OCE SPECIAL PROGRAMS
5419,INTERNATIONAL SUPPORT
7634,BIO CENTERS
7635,iPLANT Collaborative
3063,
T023,
1403,PROCESS & REACTION ENGINEERING
1402,BIOCHEMICAL & BIOMASS ENG
1401,CATALYSIS AND BIOCATALYSIS
1407,COMBUSTION, FIRE, & PLASMA SYS
1406,THERMAL TRANSPORT PROCESSES
T028,
T029,
9233,BIOTECHNOLOGY RESEARCH
1339,KDI/NCC
1338,KDI/LIS
1335,IGERT FULL PROPOSALS
1337,KDI/KN
3961,
1331,SOCIOLOGY
1330,SOCI SOC PSYCH SOC INDIC
140E,Photon-cell Interact&Mini Dev
1332,SOCIAL PSYCHOLOGY
3129,
X564,
5770,NATL R&D ASSESSMENT PROG
8697,
8696,
8690,
1024,OFFICE OF MULTIDISCIP ACT-EDUCATION
7706,DEL WORKSHOP
7707,NSF/DHS ACADEMIC RES INITIAT
7704,Science of Learning Activities
7705,EUROCORES
7702,SOCIETAL IMPLICATIONS OF NANO
7703,FOUNDATIONS VISUAL ANALYTICS
7700,EDUCATIONAL LINKAGES
7701,DATA INTEROPERABILITY NETWORKS
5577,PROBLEMS OF POST-IND ECON
5576,SERVICE PRD & INTERGV REL
5575,PRODUCTIVITY MEASUREMENT
5574,PUBLIC POLICY & ECON PROD
5573,TELECOMMUNICATIONS
1100,MOLECULAR BIOSCIENCES
7708,IPDR-SBE
5570,FOSSIL ENERGY
1241,ATOMIC & MOLECULAR PHYSICS
1536,S-STEM:SCHLR SCI TECH ENG&MATH
1243,GRAVITATIONAL EXPERIMENTS
1242,PLASMA PHYSICS
1245,THEORETICAL PHYSICS
1244,GRAVITATIONAL THEORY
1247,OTHER THEORY
1530,PALEOCLIMATE PROGRAM
1249,GRAVITATIONAL PHYSICS
1248,PHYSICS-OTHER
1538,SYSTEMIC REFORM
057E,Thermodynamics
080P,MANDATED REPORTS
J270,
4100,NATIONAL RADIO ASTRONOMY OBSER
4104,
4106,
4109,
080E,DEFORMATION PROCESSES
080F,CHRNS-OPERATIONS & MAINTENANCE
037E,GEOTECHNICAL ENGINEERING
J449,
J445,
7412,ADVANCED TECH EDUCATION PROG
W138,
7410,DUE COURSE & CURRICULUM PROG
7411,CAREERS-SEC TEACH (LPY)
7416,COURSE & CURRICULUM-CALCULUS
H188,
7414,LEBANON
7415,CTR FOR SYN IN BIOLOGICAL EVOL
3892,
H184,
H187,
7419,INTRODUCT CURRICULUM PROJECTS
3896,
048E,BIO-CATALYSIS
H183,
3508,
127P,CEOSE Symposium
I328,
3509,
7379,MOLECULAR POPULATION STUDIES
X160,
6616,
1464,ENGINEERING SYSTEMS DESIGN
1467,MATERIALS PROCESSING AND MANFG
5951,COOPERATIVE SCIENCE,OTHER
5950,SWITZERLAND
5953,POLAND
5952,SPAIN
5955,AUSTRIA
097E,High Freq Devices & Circuits
097F,Transition Phase Funding
5956,IRFP
4075,NSF/NIGMS Initiative-Mathematical Bio
5958,BULGARIA
4070,ADVANCED SCIENTIFIC COMPUT ACT
5083,
5790,NATL SCIEN & TECH RESEAR
L504,
1462,QUANTUM ELECTRONICS,WAVES & BE
7278,SCIENCE OF LEARN CTRS- CENTERS
062E,Plasma-assisted combustion
062F,NEES RESEARCH
015E,Pollutant fate and transport
3636,
7376,PARTNER TO ENHANCE EXP IN TAX
8958,
015P,PROJECT SCIENCE
4610,
I325,
002P,E-RULEMAKING
2346,
6107,TUNISIA
3373,
6105,PAKISTAN (SCIENTIF & TECH INFO
6104,INDIA (SCIENTIF & TECH INFORM)
6102,ARAB REPUBLIC OF EGYPT(S&T INF
6100,SCIENTIFIC & TECHNOLOGICAL INF
002E,Bio-energy
9119,GENERAL FOUNDATIONS OF BIOTECHNOLOGY
9118,MARINE BIOTECHNOLOGY--GENERAL FOUNDATINS
9111,HEALTH-RELATED BIOTECHNOLOGY
9110,INDUSTRY/UNIV COOP RESEAR
9113,MARINE BIOTECHNOLOGY--BIOPROCESSING
9112,ENERGY-RELATED BIOTECHNOLOGY
9115,AUTOMATION
071E,MFG ENTERPRISE OPERATIONS
9117,MARINE BIOTECHNOLOGY
9116,CE21 Type I
3709,
I430,
071P,SGER EVALUATION
4467,
I431,
4462,
1882,
4669,
8539,
039E,STRUCTURAL SYSTEMS
0626,
0627,
0620,
0628,
2659,
2658,
9200,US CHINA COOP IN BASIC SCIENCE
2657,
3416,
7388,NETWORKING RESEARCH (NR)
7389,PROGRAMMABLE WIRELESS NETWORKING
7382,Computing Ed for 21st Century
7383,CAMEROON
7380,NAT CENTER FOR ECOLOG AN & SYN
7381,ECOSYSTEM SCIENCE CLUSTER
7386,NEPAL
7387,TUNISIA
7384,ETHIOPIA
7385,MOROCCO
5925,USSR
4862,
4863,
4860,
4861,
4864,
OTHR,OTHER RESEARCH OR EDUCATION
V005,
W139,
1937,ELECTROCHEM & SURFACE CHEMISTR
Z115,
H138,
7254,CYBER SECURITY ACT PROPOSALS
7255,GEOINFORMATICS
7256,
7257,APPLICATS OF ADVANCED TECHNOLS
7250,RESEARCH INITIATION & SUP
7251,EIN
7252,Perception, Action and Cognition
7253,NETWORK RESEARCH TESTBEDS
T251,
7258,RESEARCH IN TEACHING & LEARNIN
7259,AISL
5612,
1590,CIRE-LIKE ACTIVITIES
4489,
6855,INFORMATION & KNOWLEDGE MANAGE
6857,DIGITAL LIBRARIES AND ARCHIVES
6856,ARTIFICIAL INTELL & COGNIT SCI
2907,
6850,DIGITAL SOCIETY&TECHNOLOGIES
2905,
T814,
6859,HBCU-UP IMP
V310,
143E,Biomacro & micronano interfac
7131,GRADUATE FELLOWSHIPS FY71
7130,GRADUATE STUDENT SUPPORT
7133,GRADUATE TRAINEESHIPS
7135,GRAD TRAINING CATEGORICAL
7137,POSTDOCTORAL FELLOWSHIPS
X361,
CLIM,COLL FOR IMP CLIM SIMUL CAPABI
9191,SUPER COMPUTER RESEARCH
1256,MICHIGAN ST UNIV (CYCLO FACIL)
5313,PUBLIC SERVICE
5312,POLICY ANALYSIS
5311,PUBLIC POLICY & REGULATION
5310,CHEM & PROCESS ENG-APP RE
5317,GEOPHYSICAL & ENVIRONMENTAL AP
5316,BIOLOGICAL & ECOLOG APPL (PCM)
5315,APPL RES-PHY,MATH&ENGIN APLICA
5314,APPLIED PYSCHOLOGY
8804,SCIENCE & ENGINEERNG INDICATRS
X566,
1658,SOFTWARE
8807,HUMAN RESOURCES STATISTICS PGM
8800,SCIENCE RESOURCES STATISTICS
8801,SCIENCE & ENG ED & HUMAN RESRS
8802,RESEARCH & DEVELOPMENT STATIST
8803,SCIENCE & ENGINEERING PERSONNL
1652,HIGH END COMPUTATION AND INFRASTRUCTURE
1653,Adaptive & intelligent systems
1650,BIOLOGICAL OCEANOGRAPHY
8808,Veterans Research Supplements
1657,SOCIAL AND ECONOMIC IMPLICATIONS OF IT
1654,HUMAN COMPUTER INTERFACE
X568,
1986,UNDERGRADUATE PROGRAMS IN CHEM
9190,ALAN T.WATERMAN AD(COORD AGNCY
5689,
8208,SPRF-Broadening Participation
8209,SPRF-IBSS
8206,Formal Methods and Verification
T724,
8204,F.Y. 1974 PROJECTS
8205,OCE Postdoctoral Fellowships
8750,Bio & Comp Shared Princ (BCSP)
1984,MATERIALS SYNTHESIS & PROCESSN
8200,CONSOLIDATED WORKING FUND
165E,SBIR Phase IIB
7625,REAL
7624,CSUMS
7627,ETHNIC MINOR.-EXPER PROJ
7626,SCIENCE OF SCIENCE POLICY
7621,PHYSICS-BROADEN PARTICIPATION
7620,ENG Eval & Assessment Act
7623,BIOMATERIALS PROGRAM
7622,GEO-LSAMP LINKAGES
1982,BIOLOGICAL CHEMISTRY
3158,
7629,EXPERIMENTAL PROJ.--WOMEN
7628,STUDIES--WOMEN
2831,TECH. & SYSTEMS
2830,COMPUTER RESEARCH EQUIPMENT
5407,POLAR CYBERINFRASTRUCTURE
1437,HYDRAULICS,HYDROLOGY& WATER RE
1434,SOLID MECHANICS
1435,WATER RES, URBAN & ENVIRN
1432,FLUID MECHANICS PROGRAM
1433,INDUSTRIAL TECH PROGRAM
1430,MECHANICAL SCIENCES & ENG-RES.
1431,CIVIL & ENVIRONMENTAL TEC
M646,
1438,GENERAL HYDRAULICS & WATER RES
5408,
1382,OCEAN ACIDIFICATION
1730,SPECIAL PROGRAMS IN MATERIALS
1349,URBAN RSCH INITIATIVE PROPOSAL
Z335,
7947,NANOCOMPUTING
1348,KDI/NCC
4261,
3949,
1340,ENGINEERING EDUCATION
1345,KDI: OTHER
1346,KDI/KN
1347,KDI/LIS
133P,S&T in America's Reinvestment
X811,
1886,
9195,STATE SCIENCE, ENG & TECHNOLOG
3032,
7711,INTERNATIONAL POLAR YEAR
7710,PROGRAM RESERVE
7713,ACTIVATION
7712,ORGANIZATION
7715,BROADENING PARTICIPATION
7714,MODULATION
096E,High freq comm/sensing circuits
7716,MID-SIZE INFRASTRUCTURE
7719,DEL
7718,NEXT-GENERATION NETWORKED INFO
5540,EXPLOR.RES.&PROBLEM RES1U
5541,EVAL APPLICAT NEW TECHNOL
5546,PROB ASSESS. & EXPLOR.
L198,
5545,HUMAN SERVICES & THE LAW
1502,ELECTRONIC DEVICES
1503,OPTICAL COMMUNICATIONS SYSTEMS
1500,ENVIRONMENTAL SCIENCES-RESERVE
1501,MICROELECTROMECHANICAL RSCH
1506,THERMAL SYSTEMS - GENERAL
1507,INFOR DISSEM ACTIV FOR WOMEN & GIRLS
1504,GRANT OPP FOR ACAD LIA W/INDUS
1505,STTR PHASE I
3085,
3084,
9194,GRANTS WITH INFRASTRUCTURE
1509,RESEARCH ON HUMAN LANGUAGE TECHNOLOGY
S010,
3083,
8375,SHIP SCHEDULING DATABASE
8824,ANALYTICAL STUDIES
150E,Conduction/Diffusion
8665,
W098,
J450,
6524,
134P,iEdison Database
7409,ALGERIA
7408,KUWAIT
9196,NATURAL DISASTERS
7405,IRAQ
7404,MALAWI
7407,RSVP PLANNING
7406,UNITED ARAB EMIRATES (UAE)
7401,ANGOLA
7400,UNDERGRAD INSTRM & LAB IMPROVE
7402,ZAMBIA
W275,
070E,INTEG OF HUMAN & COGNITIVE
070P,CAREER EVALUATION
6620,DATA SYSTEMS
3191,
0625,
I403,
039F,OCEAN OBSERV INIT-CONSTRUCTION
I274,
098P,GBIF INTERNATIONAL DUES
038F,OCEAN OBSERVATORIES INIT O&M
038E,FOUNDATION ENGINEERING
3979,
3978,
L573,
L574,
0001,cld
036P,Facilities Workshop
056E,Multiphase flow
2532,
081E,NANO SCALE ASSEMBLY
036E,CIVIL INFRASTRUCTURE
036F,IRIS -OPERATIONS & MAINTENANCE
4715,COMPUTER SYSTEMS ARCHITECTURE
4710,DES AUTO FOR MICRO & NANO SYS
7662,SCIENCE EDUCATION ACTIVITIES
Y089,
4713,CWF FED EN AD 1081 75-29
6132,EGYPT-JT COMM PROJECTS(SCI RES
2339,
049P,SPECIAL INITIATIVES/OUTREACH
1597,VISUALIZATION
1596,WIRELESS INFORMATION TECHNOLOGY & NETWOR
6882,Environmental Chemical Science
049E,CHEMICAL PROCESS CONTROL
163E,SBIR Phase IB
9479,
1593,PRES AWDS FOR EXCELL IN SCI
3712,
1592,PROF OPPOR FOR WOMEN IN RSCH
7948,QUANTUM COMMUNICATION
9207,ASTA-COMPUTATIONAL TECHNIQUES
7900,TECH INNOVATION IN EDUC
5170,ANTARCT LOG SUP-OTHER FED AGEN
4472,
4474,
1970,ANALYTICAL & SURFACE CHEMISTRY
4908,
2488,
7435,IRIS
2487,
4675,
2482,
2483,
2480,
2481,
0636,
0634,
2248,
1110,CELLULAR & PHYSIOLOGICAL BIOSC
2241,
2242,
9270,UNDERGRAD ENGINEER CURRICULUM
7394,BOTSWANA
063E,POLLUTANT FORMATION & MITIGATN
7396,NEES RESEARCH
014E,NANOBIOTECH AND NANOTOXICOLOGY
7390,NETWORKING OF SENSOR SYSTEMS (NOSS)
7393,SENEGAL
9277,OTHER UNDERGRAD MINORITY PROGS
9278,HUMAN DIMENSIONS OF GLOBAL CHANGE
9279,STRATEGIC MANUFACTURING INITIA
5142,CONTRACT SUPPORT
7398,OCEAN OBSERVATORY SCI & TECH
5140,OPERATIONS SUPPORT PROGRAM
5141,RESEARCH SHIP SUPPORT
3258,
7957,COMMUNICATING SCIENCE BROADLY
1023,AD RESERVE
7220,ALT IN HIGHER ED - MAT
7438,HOMELAND SECURITY
5343,HUMAN NUTRITION
003P,BUSINESS GATEWAY
I144,
7954,SANDPIT
6317,
003E,BIOMECHANICAL ENGINEERING
7953,SOCIAL-COMPUTATIONAL SYSTEMS
2065,
V637,
7952,HECURA
7227,ITEST
V017,
1182,POP & COMMUNITY ECOL PROG
7226,HUMAN RESOURCES
I334,
V549,
1183,POPULATION INTERACTIONS
164E,SBIR Phase IIA
7229,MATHEMATICAL SCIENCES
3371,
5073,
3370,
7247,LOCAL & REG TEACHER DEVEL
7246,PHYSICS OF LIVING SYSTEMS
7245,PHYSICS GRID COMPUTING
7244,COMPUTATIONAL PHYSICS
7243,FUND RES TO ENHANCE NATIONAL SEC (FRENS)
7242,ECOLOGY OF INFECTIOUS DISEASES
7241,WATER CYCLE RESEARCH
7240,LIT SEC SCHL PROG MAT NL
3577,
3570,
7249,GLOBAL BIODIVERSITY INFO FACIL
7248,PROKARYOTIC MOLECULAR & CELL BIOLOGY
V125,
4494,
9162,MULTI DIVISION/UNIVERSITY
2660,
2661,
7958,SCIENCE MASTERS PROGRAM
7683,SOFTWARE DEVELOPEMENT FOR CI
kx48,
2936,
2930,
5326,BIOL & ECOLOGICAL APPLS-OTHER
5327,GEOPHYSICAL & ENVIRON APPLS-OT
5325,PHYS, MATH, & ENGIN-OTHER
5322,PUBLIC SERVICE DELIV -OTH
5323,INDST ORGN & MARKTS-OTHER
5320,REGULATION & POLICY ANALYSIS
5321,OTHER PUBLIC POLICY & REGULAT
1836,
7682,PAARE
1644,NETWK FOR ERTHQUKE ENG SIMULAT
1647,ANTARCTIC INSTRUM & SUPPORT
1646,PHYSICS FRONTIER CENTER
1641,TERASCALE COMPUTING SYSTEMS
1640,INFORMATION TECHNOLOGY RESEARC
1643,PARTICLE ASTROPHYSICS
J183,
1649,QUANTITATIVE ENVIRNMNTAL & INTEGRAT BIOL
1648,INITIATIVE ON SENSING AND IMAGING TECHNO
X392,
J184,
8816,Workforce Development
8815,Studies of Policy Sci Eng Tech
3259,
8812,Midscale Research Infrastruct
8811,Marine Microbial Ecology
8810,FUNDING OF SCIENCE & TECHNOLOG
8819,Forensic Science
6670,
X953,
X950,
Z946,
151E,Tsunami Research
8210,Intl Bio Postdoc Res Fellowshp
8213,IBSS
8212,Broaden Particip STEM Resrch
8215,Special Track in STEP: G10K+
8214,ECCO
T757,
7651,OTHER COLLABORATIONS
7652,SCIENCE OF DESIGN
1167,MULTIDISCIPLINARY BIOTECHNOLOGY
7654,WIRELESS NETWORK
7655,ITR-CreativeIT
7656,SYMBIOSIS DEF & SELF RECOG
7657,Integrative Ecologi Physiology
7658,PROCESSES STRUCS & INTEGRITY
7659,ANIMAL BEHAVIOR
2800,COMPUTER & COMPUTAT RESEAR-RES
2801,EMBEDDED & HYBRID SYSTEMS(EHS)
6490,
1420,ENGINEERING ENERGITICS
5430,SHIPBOARD SUPP EQUIPMENT & INS
1425,SOIL DYNAMICS & EARTH STRUCTUR
1427,DYNAMIC STRUCTURAL ANALYSIS
1426,GROUND MOTION & TSUNAMIS
1429,ARCHITECTURE AND PLANNING
1428,DYNAMIC STRUCURAL EXPERIMENTAT
3366,
1163,RSRCH STARTER GRANTS IN BIOSCI
3360,
3361,
1204,PARTICLE ASTROPHYSICS
8073,NSF-Census Research Network
135E,EXPLOSIVES & THRTS EXP LARGE
8105,NPGI PostDoc Rsrch Fellowship
4272,
1359,RES EXP FOR TEACHERS(RET)-SITE
1358,CHILD LEARNING AND DEVELOPMENT
8100,DARPA-ROBOTICS & MACHINE INTEL
1353,Hist & Philosophy of SET
1352,GEOGRAPHY AND SPATIAL SCIENCES
1351,SPECIAL PROJECTS
1350,BBS-INT COUNC OF SCIE UNS
1357,URBAN RSCH INITIATIVE-OPP FUND
1356,INTEGRATED RSCH CHALL IN ENVIO
1355,EGC EDUCATIONAL ACTIVITIES
1169,RECOG AWDS FOR INTEG OF R&E
5555,SOLAR CONVERSION 1
5554,PHOTOVOLTAIC CONVERSION
5557,OCEAN THERMAL 1
5556,WIND ENERGY CONVERSION
142E,Multi-sens probes & platforms
5550,ENERGY RES.&TECHNOLOGY 1
5553,THERMAL CONVERSION 1
5552,HEATING&COOLING BUILDIN1S
1202,DIVERSITY IN THE SCIENTIFIC WORKFORCE
5559,ENERGY SYSTEMS
5558,GEOTHERMAL ENERGY
1519,INTEGRATIVE SYSTEMS
1518,CONTROL, NETWORKS, & COMP INTE
1515,AGEP
1517,ELECT, PHOTONICS, & MAG DEVICE
1516,RESOURCES & INFRASTRUCTURE
1510,ALL-OPTICAL NETWORK AND COMMUNICATIONS
1513,REGIONAL INST-GLOBAL CHNGE,ATM
5526,MGT OF RURAL URBAN ENVIR
082P,CAREER OUTREACH MTGS/WRKSHPS
055F,LSST - CONCEPT & DEVELOPMENT
055E,Particle science and technology
5883,
J421,
8565,Deep Biosphere
5880,
8560,ARC-SEES
J429,
082F,DUSEL PRELIMINARY DESIGN
082E,MFG MACHINES & METROLOGY
0722,HEALTH SERVICES UNIT
L525,
7478,DYNAMICAL SYSTEMS
7479,Biomechanics & Mechanobiology
3181,
3182,
083F,ADV LIGO CONSTRUCTION
7471,DEVELOPMENTAL BIOLOGY CLUSTER
7472,BEHAVIORAL SYSTEMS CLUSTER
7473,FUNCTIONAL & REGULATORY SYS CL
7474,ENVIRON & STRUCTURAL SYS CL
7475,HEC CORE FACILITIES
7476,ETF
7477,CI-TEAM
W263,
3109,
3060,
MX48,
CVIS,CIVIL INFRASTRUCTURE
7504,NSF-INTERNAT COOP IN MATERIALS RES-OTHER
7505,BAHRAIN
7506,BENIN
7507,BURKINA FASO
7501,NSF-Europe Cooperation in Materials Res
7502,NSF-Americas Coop in Materials Research
7503,International Materials Institutes (IMI)
3984,
3987,
095P,
060E,BIO-TRANSPORT & FLUID MECH
3228,
6125,PAKISTAN (SCIENTIFIC RESEARCH)
6124,INDIA (SCIENTIFIC RESEARCH)
6127,TUNISIA
6126,POLAND
6120,SCIENTIFIC RESEARCH
HPCC,HIGH PERFORMANCE COMPUTING & COMM
6122,ARAB REPUBLIC OF EGYPT(SCI RES
9295,MATERIALS SYNTHS & PRCES/MULTI
1447,MATERIALS ENGINEERING
0734,
0730,
4700,MICROELECT INFO PROCESS SYS-RE
004P,GEOSPATIAL LoB
1445,DYNAMICS & CONTROL
1112,Genetic Mechanisms
1443,FLUID DYNAMICS
3579,
004E,BIOMEDICAL ENG AND DIAGNOSTICS
1114,Cellular Dynamics and Function
3760,
3562,
3764,
1117,CELLULAR PHYSIOLOGY
3563,
7481,DYNAMIC DATA DRIVEN APPL SYSTS
1440,ENVIRONMENTAL ENGINEERING
3560,
1560,ARCTIC CONTAMINANTS
073E,OPTIMIZATION & DECISION MAKING
267,DATA NOT AVAILABLE
1561,STRATIGRAPHY & PALEON,SPC PRJT
I203,
3756,
1562,ENVIRONMENTAL GEOSCIENCES,SP P
1563,CRUSTAL STRUC & TECTONICS,SP P
3564,
2491,
1564,SEISMOLOGY & DEEP EARTH,SP PRJ
V802,
4644,
1565,EXPER & THEORET GEOPHYS,SP PRJ
Y745,
0601,
1566,PETROG & MIN RES,SPEC PRJ
0605,
0608,
0609,
2251,
2195,
9263,COMPUTATIONAL SCIENCE & ENGING
9262,CREATIVY AWARDS FOR UNDGR STUD
9261,RESRCH ASSIST-MINORITY H.S. ST
9260,FASED
9267,INSTRUMENTATION & LAB IMPROVE.
9266,PRIVATE SECTOR PARTNERSHIPS PR
9265,MATERIALS PROCESSING INITIATIV
9264,RESEARCH INITIATION AWARD
5151,POLAR/SBIR FUNDS
5150,ANTARCTIC LOGISTIC SUPPORT-DOD
9269,UNDERGRAD CALCULUS CURRICULUM
9268,UNDERGRAD FACULTY ENHANCEMENT
4091,NETWORK INFRASTRUCTURE
2479,
X764,
I153,
111E,CENTERS: EMERGING TECHNOLOGY
3244,
I159,
3227,
2786,
4804,
2783,
2782,
2789,
2788,
2073,
2072,
4108,
6300,ENGY RELATED RESRCH INFOR
4098,EXPRES
V577,
V579,
H412,
X492,
Z139,
2210,
7413,CAR SEC TCHR TRNG PRO LC
7273,ENVIRONMENTAL RESEARCH & EDUCA
V974,
7271,TEACHER PROFESSIONAL CONTINUUM
7276,APPROACHES TO COMBAT TERRORISM
7277,SCIENCE OF LEARN CTR-CATALYSTS
7274,HUMAN LANGUAGE & COMMUNICATION
7275,CROSS-EF ACTIVITIES
3500,
3501,
3502,
3503,
3504,
3505,
3506,
3507,
2670,
8551,
2675,
2674,
2679,
N519,
J436,
2929,
9611,
9275,PARALLEL COMPUTING THEORY
6835,KNOWLEDGE & DATABASE SYSTEMS
X085,
6894,ITR EXPEDITIONS
2920,
1127,EVOLUTIONARY PROCESSES CLUSTER
2901,
7697,INSTRUMENTATION
8055,SEES Fellows
5337,ALTERNATIVE FOOD SYSTEMS
5338,RESOURCE SYSTEMS-NON-FOOD
118E,GRADUATE EDUCATION
2906,
1630,MECHANICS OF MATERIALS
1631,CIVIL INFRASTRUCTURE SYSTEMS
1632,CONTROL SYSTEMS
1633,MATERIALS AND SURFACE ENG
1634,GEOMECHANICS & GEOMATERIALS
1635,STRUCTURAL MATERIALS AND MECH
1636,GEOTECHNICAL ENGINEERING
1637,HAZARD MIT & STRUCTURAL ENG
1638,INFRAST MGMT & EXTREME EVENTS
1639,SENSORS AND SENSING SYSTEMS
I208,
3218,
3219,
1988,CHEMISTRY FELLOWSHIPS
8822,LOCAL GOVERNMENT
8823,COMMUNITY TECHNOLOGY INITIATIV
8820,INTERGOVERNMENTAL PROGRAM
8821,STATE EXECUTIVE GOVERNMNT
8826,SCIENCE & TECHNOLOGY RESOURCES
BIOT,BIOTECHNOLOGY
8825,STATE LEGISLATIVE GOVERNMENT
X543,
2815,COMPUTER SYSTEMS DESIGN
2814,SOFTWARE SYSTEMS
2816,INTERAGENCY EDUCATION RESEARCH INITIATIV
2811,THEORETICAL COMPUTER SCIENCE
2810,COMPUTER RESEARCH
011p,
7691,PetaApps
7643,ENVIRONMENTAL SUSTAINABILITY
7642,VIRTUAL ORGANIZATIONS
7641,INT'L RES & EDU IN ENGINEERING
7640,CPATH
7647,DR-K12 RESOURCES AND TOOLS
7646,DR-K12 APPLIED RESEARCH
7645,DISCOVERY RESEARCH K-12
7644,ENERGY FOR SUSTAINABILITY
3175,
3174,
8541,
H307,
1188,SYNAPTIC MECHANISMS
1189,MAJOR RESEARCH INSTRUMENTATION
1186,CENTRAL NEURAL PROCESSING
1187,PECASE- eligible
1184,INTEGRATIVE & THEORETC ECOLOGY
1185,SENSORY SYSTEMS
5421,REGIO INST-GLOBAL CHANGE, OCE
5420,OCEANOGRAPHIC TECHNOLOGY PROGM
1180,HUMAN COGNITION & PERCEPTION
1181,ECOSYSTEM STUDIES
1748,H-1B K-12 PARTNERSHIPS
1744,TRIBAL COLLEGE & UNIVERS PROGR
1745,NAT'L HIGH MAGNETIC FIELD LABO
1746,DISTINGUISHED TEACHING SCHOLAR
1747,MATERIALS RESEARCH GRPS PROGRM
1740,MATERIALS RESEARCH LABORATORIS
1741,EARTHSCOPE SCIENCE
1743,NATIONAL FACILITIES
1164,MOLECULAR BIOPHYSICS
9133,ALLIANCES-MINORITY PARTICIPAT.
1166,MOLECULAR BIOCHEMISTRY
136E,Chemical Separation Processes
1160,IBN ANIMAL BEHAVIOR
1161,NEUROBIOLO OF LEARNING & MEMOR
1162,COMPUTATIONAL NEUROSCIENCE
9132,RES CAREERS FOR MINOR SCHOLARS
8178,
4244,
3309,
1168,METABOLIC BIOCHEMISTRY
9131,CENTERS FOR RSCH EXCELL IN S&T
7581,ITR-DYNAMIC DATA DRIV APP SYS
5520,TECHNOLOGICAL OPPOPTUNITY
5521,WEATHER MODIFICATION
5522,POLLUTANT ANALYSIS
5523,COMMUNITY WATER MANAGEMENT
5524,COASTAL ZONE MANAGEMENT
5525,LAND USE POLICY
136P,Audit of Raytheon Contract
5527,CHEMICAL THREATS TO MAN & ENVI
5528,ENVIRON EFFECTS OF ENERGY
7922,COURSEWARE
9136,MINOR RES INITIAT (MRI)-PLAN G
3197,
7920,APPLICATIONS & COURSEWARE
116E,RESEARCH EXP FOR UNDERGRADS
9134,PHYSICS EDUC & INTERDISCIP RES
094E,Optoelectronic devices
H247,
094F,ATST-CONSTRUCTION
1568,EXP & THEOR GEOCHEM,SP PR
017p,
1299,MILLIMETER ARRAY (ALMA)
5020,
1292,ATOMIC & MOLECULAR STRUCTURE
1293,LIGO, OPERATIONS & ADVANC R&D
1290,OPTICAL PHYSICS
1291,ATOMIC & MOLECULAR DYNAMICS
1296,SOUTH POLE STATION MODERNIZATI
1297,SCI & TECH CTRS (INTEG PTRS)
1294,OPPORTUNITY SEED FUNDS
1295,PARTICLE ASTROPHYSICS
8398,Hydrocarbon Conversion
8399,Energy Storage or Transmission
2424,
8396,Clean Energy Technology
8397,Hydrogen Storage or Generation
8390,NSF SCIENCE WEEK ACTIVITIES
156E,Auto-Reconfig Eng Sys (ARES)
129E,CENTERS: MANUFACTURING & PROC
8552,
8553,
8550,
1710,CONDENSED MATTER PHYSICS
8008,Intl Collabrtn in Chemistry
8009,Scientifc Software Integration
8004,Software Institutes
8005,Scientific Software Elements
8006,MPS-Life Science Interface
8007,BioMaPS
8000,SCIENCE RESOURCES STUDIES
8001,CRI-OA
8002,CISE Research Resources
8003,Research Initiation Grants BIO
6546,
8203,F.Y. 1973 PROJECTS
7749,EXPLORATORY NETWORKING (XPLR)
116P,Sci & Innovation Initiative
4390,
1201,EXPERIMENTAL PROJECTS FOR WOMEN & GIRLS
5630,SEABED ASSESMENT
6548,
1366,BIOCOMPLEXITY
1367,DDOP-WIRELESS TECH & INFO NETW
ENVI,ENVIRONMENT
7468,INSTR RES AND INSTR DEVEL FOR BIO RES
1362,LARGE HADRON COLLIDER
1363,CHE EDUCATION CENTERS
1360,HUMAN RESOURCES DEVELOPMENT
7463,RADIUS
7462,DEVELOPING COUNTRY COLL IN PLANT GEN RES
7461,TECH CHALLENGES IN ORG ELETRONICS, PHOTO
1369,DECIS MAKING & VAL FOR ENVIRON
7467,MULTI-USER EQUIPMENT (MUE)
7465,NANOSCALE BIO CORE
7464,FORWARD FUNDING RESOURCES